wl,white_fabric
178.95,0
179.33,384.615
179.71,550
180.09,646.667
180.46,236.111
180.84,234.483
181.22,282.609
181.6,93.333
181.97,206.544
182.35,206.918
182.73,197.452
183.1,189.06
183.48,182.459
183.86,187.961
184.24,181.102
184.61,174.926
184.99,193.645
185.37,256.563
185.74,409.388
186.12,1416.418
186.5,-544.828
186.88,-216.054
187.25,-112.058
187.63,-61.818
188.01,-48.219
188.38,-22.126
188.76,-7.779
189.14,-1.91
189.51,6.405
189.89,12.807
190.27,17.029
190.64,21.804
191.02,26.273
191.4,30.251
191.77,30.532
192.15,32.305
192.53,33.883
192.9,33.17
193.28,31.444
193.66,33.53
194.03,33.185
194.41,32.274
194.79,32.871
195.16,33.022
195.54,33.48
195.91,32.883
196.29,34.476
196.67,35.126
197.04,35.854
197.42,36.094
197.8,36.453
198.17,38.147
198.55,37.039
198.92,35.34
199.3,36.334
199.68,37.374
200.05,34.932
200.43,37.216
200.8,38.014
201.18,37.07
201.56,37.634
201.93,39.123
202.31,41.437
202.68,40.5
203.06,40.446
203.44,38.491
203.81,38.563
204.19,36.858
204.56,36.745
204.94,39.505
205.31,40.625
205.69,40.113
206.06,39.861
206.44,40.988
206.82,37.962
207.19,38.449
207.57,41.162
207.94,41.352
208.32,39.354
208.69,40.67
209.07,41.208
209.44,41.275
209.82,42.053
210.19,41.867
210.57,43.175
210.95,42.493
211.32,40.853
211.7,40.357
212.07,39.951
212.45,40.645
212.82,38.982
213.2,39.879
213.57,40.04
213.95,37.247
214.32,36.306
214.7,36.512
215.07,35.815
215.45,36.848
215.82,37.541
216.2,36.282
216.57,36.585
216.95,37.453
217.32,40.222
217.69,39.616
218.07,40.939
218.44,43.305
218.82,43.803
219.19,45.761
219.57,46.689
219.94,47.302
220.32,47.782
220.69,45.776
221.07,46.725
221.44,44.757
221.82,44.509
222.19,43.036
222.56,45.096
222.94,47.059
223.31,45.817
223.69,43.703
224.06,44.27
224.44,42.656
224.81,40.641
225.18,39.5
225.56,39.826
225.93,41.692
226.31,43.809
226.68,44.764
227.05,48.79
227.43,48.477
227.8,48.628
228.18,49.671
228.55,50.817
228.92,50.672
229.3,49.486
229.67,49.386
230.05,50.707
230.42,49.949
230.79,51.062
231.17,51.426
231.54,52.452
231.91,51.785
232.29,50.052
232.66,47.567
233.04,46.332
233.41,45.223
233.78,44.627
234.16,46.104
234.53,45.139
234.9,43.508
235.28,43.147
235.65,41.707
236.02,41.549
236.4,39.98
236.77,41.659
237.14,42.33
237.52,42.502
237.89,43.484
238.26,43.928
238.64,44.39
239.01,43.911
239.38,44.577
239.76,44.17
240.13,45.848
240.5,45.036
240.88,44.264
241.25,45.642
241.62,45.428
241.99,45.88
242.37,45.144
242.74,45.902
243.11,45.934
243.49,44.25
243.86,44.804
244.23,43.655
244.6,42.196
244.98,40.363
245.35,40.69
245.72,40.775
246.09,39.734
246.47,38.634
246.84,37.965
247.21,38.518
247.58,37.395
247.96,37.867
248.33,38.484
248.7,39.051
249.07,39.047
249.45,38.261
249.82,38.973
250.19,37.81
250.56,36.803
250.94,37.065
251.31,36.833
251.68,36.01
252.05,35.513
252.43,36.882
252.8,35.429
253.17,35.477
253.54,35.504
253.91,35.453
254.29,35.013
254.66,34.583
255.03,34.517
255.4,33.406
255.77,32.902
256.14,32.142
256.52,32.18
256.89,32.58
257.26,32.095
257.63,31.908
258,31.514
258.38,31.33
258.75,30.494
259.12,30.855
259.49,30.603
259.86,30.116
260.23,30.486
260.6,30.054
260.98,28.981
261.35,28.892
261.72,28.737
262.09,28.867
262.46,28.718
262.83,29.234
263.2,29.305
263.58,29.329
263.95,29.691
264.32,29.587
264.69,29.385
265.06,29.099
265.43,29.191
265.8,29.268
266.17,29.071
266.55,28.682
266.92,28.629
267.29,29.036
267.66,28.52
268.03,28.322
268.4,27.995
268.77,28.213
269.14,27.569
269.51,27.011
269.88,26.99
270.25,26.404
270.62,26.524
271,26.184
271.37,26.108
271.74,25.973
272.11,25.492
272.48,25.271
272.85,24.947
273.22,24.631
273.59,24.333
273.96,24.478
274.33,24.875
274.7,24.936
275.07,24.549
275.44,24.496
275.81,24.581
276.18,24.3
276.55,24.383
276.92,24.422
277.29,24.226
277.66,24.125
278.03,23.903
278.4,24.218
278.77,24.291
279.14,24.357
279.51,24.268
279.88,24.283
280.25,24.005
280.62,23.607
280.99,23.324
281.36,23.38
281.73,23.256
282.1,23.041
282.47,23.164
282.84,23.045
283.21,22.689
283.58,22.596
283.95,22.416
284.32,22.18
284.69,21.756
285.06,21.502
285.43,21.409
285.8,21.55
286.17,21.545
286.54,21.543
286.91,21.508
287.28,21.569
287.65,21.532
288.02,21.383
288.38,21.128
288.75,20.936
289.12,21.065
289.49,20.915
289.86,20.673
290.23,20.703
290.6,20.659
290.97,20.703
291.34,20.523
291.71,20.399
292.08,20.214
292.45,20.198
292.81,20.07
293.18,20.061
293.55,19.969
293.92,19.91
294.29,19.905
294.66,20.037
295.03,19.876
295.4,19.615
295.76,19.76
296.13,19.79
296.5,19.794
296.87,19.866
297.24,19.812
297.61,19.98
297.98,19.901
298.34,19.782
298.71,19.534
299.08,19.483
299.45,19.317
299.82,19.306
300.19,19.071
300.55,18.984
300.92,18.897
301.29,18.938
301.66,18.965
302.03,18.838
302.4,18.916
302.76,18.818
303.13,18.768
303.5,18.783
303.87,18.714
304.24,18.683
304.6,18.717
304.97,18.819
305.34,18.788
305.71,18.76
306.08,18.662
306.44,18.734
306.81,18.81
307.18,18.886
307.55,18.978
307.91,19.219
308.28,19.468
308.65,19.629
309.02,19.875
309.39,20.171
309.75,20.528
310.12,20.865
310.49,21.357
310.86,21.802
311.22,22.306
311.59,22.887
311.96,23.553
312.32,24.177
312.69,24.912
313.06,25.594
313.43,26.253
313.79,26.953
314.16,27.567
314.53,28.275
314.89,28.972
315.26,29.648
315.63,30.327
316,30.885
316.36,31.481
316.73,32.113
317.1,32.733
317.46,33.2
317.83,33.784
318.2,34.255
318.56,34.743
318.93,35.151
319.3,35.572
319.66,36.032
320.03,36.444
320.4,36.839
320.76,37.131
321.13,37.413
321.5,37.698
321.86,37.965
322.23,38.283
322.6,38.538
322.96,38.694
323.33,38.841
323.7,39.084
324.06,39.214
324.43,39.357
324.8,39.5
325.16,39.625
325.53,39.704
325.89,39.771
326.26,39.914
326.63,40.02
326.99,40.127
327.36,40.245
327.72,40.355
328.09,40.371
328.46,40.406
328.82,40.509
329.19,40.605
329.55,40.741
329.92,40.777
330.29,40.827
330.65,40.891
331.02,40.972
331.38,41.06
331.75,41.194
332.11,41.293
332.48,41.333
332.85,41.392
333.21,41.438
333.58,41.518
333.94,41.594
334.31,41.69
334.67,41.833
335.04,41.871
335.4,41.939
335.77,41.969
336.13,42.077
336.5,42.176
336.86,42.318
337.23,42.422
337.6,42.515
337.96,42.591
338.33,42.685
338.69,42.787
339.06,42.926
339.42,43.079
339.79,43.175
340.15,43.264
340.52,43.37
340.88,43.481
341.25,43.654
341.61,43.792
341.97,43.938
342.34,44.054
342.7,44.187
343.07,44.313
343.43,44.45
343.8,44.573
344.16,44.734
344.53,44.906
344.89,45.094
345.26,45.246
345.62,45.421
345.99,45.626
346.35,45.818
346.71,46.048
347.08,46.23
347.44,46.439
347.81,46.651
348.17,46.878
348.54,47.116
348.9,47.357
349.26,47.586
349.63,47.843
349.99,48.13
350.36,48.399
350.72,48.671
351.08,48.944
351.45,49.21
351.81,49.453
352.18,49.772
352.54,50.069
352.9,50.342
353.27,50.635
353.63,50.96
353.99,51.273
354.36,51.595
354.72,51.943
355.09,52.278
355.45,52.649
355.81,53.015
356.18,53.396
356.54,53.741
356.9,54.122
357.27,54.488
357.63,54.875
357.99,55.308
358.36,55.708
358.72,56.129
359.08,56.567
359.45,57.033
359.81,57.478
360.17,57.961
360.54,58.449
360.9,58.947
361.26,59.46
361.63,59.944
361.99,60.395
362.35,60.886
362.71,61.413
363.08,61.894
363.44,62.391
363.8,62.904
364.17,63.405
364.53,63.908
364.89,64.443
365.25,64.963
365.62,65.441
365.98,65.926
366.34,66.406
366.7,66.879
367.07,67.335
367.43,67.773
367.79,68.22
368.15,68.693
368.52,69.113
368.88,69.513
369.24,69.926
369.6,70.316
369.97,70.677
370.33,71.063
370.69,71.406
371.05,71.741
371.42,72.083
371.78,72.429
372.14,72.724
372.5,73.033
372.86,73.323
373.23,73.612
373.59,73.874
373.95,74.137
374.31,74.374
374.67,74.624
375.04,74.833
375.4,75.067
375.76,75.292
376.12,75.534
376.48,75.718
376.84,75.903
377.21,76.092
377.57,76.244
377.93,76.402
378.29,76.575
378.65,76.732
379.01,76.889
379.37,77.009
379.74,77.141
380.1,77.259
380.46,77.37
380.82,77.474
381.18,77.635
381.54,77.751
381.9,77.867
382.27,77.968
382.63,78.043
382.99,78.185
383.35,78.289
383.71,78.388
384.07,78.488
384.43,78.554
384.79,78.624
385.15,78.7
385.51,78.78
385.88,78.859
386.24,78.924
386.6,79.013
386.96,79.079
387.32,79.114
387.68,79.167
388.04,79.233
388.4,79.286
388.76,79.348
389.12,79.381
389.48,79.417
389.84,79.48
390.2,79.509
390.56,79.572
390.92,79.62
391.28,79.665
391.64,79.719
392,79.767
392.36,79.812
392.72,79.861
393.08,79.921
393.44,79.96
393.8,79.997
394.16,80.041
394.53,80.088
394.89,80.136
395.24,80.166
395.6,80.211
395.96,80.225
396.32,80.279
396.68,80.331
397.04,80.363
397.4,80.4
397.76,80.424
398.12,80.455
398.48,80.485
398.84,80.492
399.2,80.52
399.56,80.555
399.92,80.611
400.28,80.628
400.64,80.632
401,80.664
401.36,80.705
401.72,80.73
402.08,80.759
402.44,80.794
402.8,80.816
403.16,80.821
403.51,80.848
403.87,80.87
404.23,80.902
404.59,80.936
404.95,80.974
405.31,80.974
405.67,80.994
406.03,80.981
406.39,81.008
406.75,81.029
407.1,81.036
407.46,81.035
407.82,81.058
408.18,81.081
408.54,81.061
408.9,81.05
409.26,81.075
409.62,81.083
409.97,81.093
410.33,81.094
410.69,81.096
411.05,81.102
411.41,81.129
411.77,81.139
412.12,81.148
412.48,81.132
412.84,81.147
413.2,81.164
413.56,81.159
413.92,81.14
414.27,81.148
414.63,81.163
414.99,81.171
415.35,81.177
415.71,81.183
416.06,81.193
416.42,81.185
416.78,81.206
417.14,81.201
417.5,81.201
417.85,81.209
418.21,81.223
418.57,81.237
418.93,81.252
419.28,81.24
419.64,81.259
420,81.282
420.36,81.291
420.71,81.289
421.07,81.284
421.43,81.3
421.79,81.292
422.14,81.286
422.5,81.292
422.86,81.271
423.22,81.285
423.57,81.293
423.93,81.269
424.29,81.26
424.65,81.274
425,81.261
425.36,81.268
425.72,81.254
426.07,81.25
426.43,81.24
426.79,81.254
427.14,81.268
427.5,81.248
427.86,81.239
428.22,81.257
428.57,81.264
428.93,81.278
429.29,81.287
429.64,81.292
430,81.301
430.36,81.302
430.71,81.299
431.07,81.299
431.42,81.303
431.78,81.295
432.14,81.283
432.49,81.278
432.85,81.262
433.21,81.242
433.56,81.23
433.92,81.221
434.28,81.195
434.63,81.194
434.99,81.178
435.34,81.152
435.7,81.133
436.06,81.141
436.41,81.133
436.77,81.11
437.12,81.101
437.48,81.085
437.84,81.082
438.19,81.086
438.55,81.065
438.9,81.074
439.26,81.082
439.61,81.072
439.97,81.082
440.33,81.073
440.68,81.064
441.04,81.067
441.39,81.064
441.75,81.065
442.1,81.048
442.46,81.054
442.81,81.063
443.17,81.064
443.52,81.073
443.88,81.074
444.23,81.068
444.59,81.085
444.94,81.06
445.3,81.061
445.65,81.07
446.01,81.061
446.36,81.07
446.72,81.072
447.07,81.063
447.43,81.076
447.78,81.068
448.14,81.076
448.49,81.058
448.85,81.054
449.2,81.045
449.56,81.03
449.91,81.035
450.27,81.026
450.62,81.016
450.98,81.023
451.33,81.018
451.69,81.014
452.04,81.007
452.39,80.984
452.75,80.964
453.1,80.958
453.46,80.935
453.81,80.922
454.17,80.901
454.52,80.91
454.87,80.897
455.23,80.885
455.58,80.89
455.94,80.883
456.29,80.87
456.64,80.86
457,80.838
457.35,80.824
457.71,80.822
458.06,80.824
458.41,80.83
458.77,80.841
459.12,80.842
459.47,80.843
459.83,80.837
460.18,80.842
460.53,80.846
460.89,80.837
461.24,80.832
461.6,80.82
461.95,80.812
462.3,80.809
462.66,80.808
463.01,80.818
463.36,80.838
463.72,80.849
464.07,80.875
464.42,80.905
464.77,80.927
465.13,80.94
465.48,80.959
465.83,80.962
466.19,80.957
466.54,80.935
466.89,80.942
467.25,80.943
467.6,80.938
467.95,80.92
468.3,80.918
468.66,80.912
469.01,80.903
469.36,80.877
469.71,80.865
470.07,80.844
470.42,80.819
470.77,80.787
471.12,80.747
471.48,80.709
471.83,80.693
472.18,80.675
472.53,80.671
472.89,80.655
473.24,80.642
473.59,80.64
473.94,80.641
474.29,80.639
474.65,80.643
475,80.625
475.35,80.61
475.7,80.577
476.06,80.558
476.41,80.546
476.76,80.527
477.11,80.561
477.46,80.572
477.81,80.587
478.17,80.604
478.52,80.629
478.87,80.635
479.22,80.654
479.57,80.664
479.92,80.671
480.28,80.659
480.63,80.643
480.98,80.643
481.33,80.65
481.68,80.648
482.03,80.637
482.38,80.629
482.73,80.618
483.09,80.581
483.44,80.554
483.79,80.534
484.14,80.506
484.49,80.463
484.84,80.437
485.19,80.393
485.54,80.364
485.89,80.357
486.25,80.343
486.6,80.336
486.95,80.342
487.3,80.337
487.65,80.344
488,80.355
488.35,80.352
488.7,80.381
489.05,80.391
489.4,80.408
489.75,80.412
490.1,80.417
490.45,80.439
490.8,80.438
491.15,80.454
491.5,80.45
491.85,80.439
492.2,80.439
492.55,80.422
492.9,80.403
493.25,80.391
493.6,80.383
493.95,80.356
494.3,80.339
494.65,80.301
495,80.287
495.35,80.27
495.7,80.245
496.05,80.223
496.4,80.2
496.75,80.199
497.1,80.186
497.45,80.166
497.8,80.156
498.15,80.151
498.5,80.166
498.85,80.161
499.2,80.146
499.55,80.128
499.9,80.124
500.25,80.121
500.6,80.104
500.95,80.093
501.3,80.069
501.65,80.074
502,80.086
502.34,80.069
502.69,80.056
503.04,80.055
503.39,80.055
503.74,80.048
504.09,80.026
504.44,80.008
504.79,80.008
505.14,80.013
505.49,80.005
505.83,80.001
506.18,79.991
506.53,79.988
506.88,79.972
507.23,79.969
507.58,79.945
507.93,79.924
508.27,79.921
508.62,79.908
508.97,79.884
509.32,79.873
509.67,79.864
510.02,79.873
510.36,79.868
510.71,79.847
511.06,79.832
511.41,79.836
511.76,79.833
512.11,79.829
512.45,79.823
512.8,79.813
513.15,79.819
513.5,79.81
513.85,79.807
514.19,79.791
514.54,79.802
514.89,79.82
515.24,79.833
515.58,79.829
515.93,79.831
516.28,79.825
516.63,79.832
516.97,79.823
517.32,79.827
517.67,79.822
518.02,79.816
518.36,79.831
518.71,79.837
519.06,79.835
519.41,79.855
519.75,79.863
520.1,79.87
520.45,79.862
520.79,79.85
521.14,79.836
521.49,79.827
521.84,79.819
522.18,79.823
522.53,79.817
522.88,79.825
523.22,79.805
523.57,79.787
523.92,79.792
524.26,79.788
524.61,79.778
524.96,79.772
525.3,79.765
525.65,79.756
526,79.742
526.34,79.735
526.69,79.724
527.04,79.717
527.38,79.734
527.73,79.723
528.08,79.707
528.42,79.707
528.77,79.686
529.11,79.676
529.46,79.69
529.81,79.67
530.15,79.66
530.5,79.649
530.84,79.65
531.19,79.64
531.54,79.626
531.88,79.631
532.23,79.632
532.57,79.64
532.92,79.635
533.27,79.603
533.61,79.586
533.96,79.585
534.3,79.569
534.65,79.565
534.99,79.57
535.34,79.553
535.68,79.56
536.03,79.544
536.38,79.554
536.72,79.535
537.07,79.528
537.41,79.525
537.76,79.506
538.1,79.481
538.45,79.46
538.79,79.447
539.14,79.457
539.48,79.455
539.83,79.45
540.17,79.448
540.52,79.46
540.86,79.467
541.21,79.462
541.55,79.45
541.9,79.448
542.24,79.435
542.59,79.439
542.93,79.426
543.27,79.416
543.62,79.423
543.96,79.425
544.31,79.421
544.65,79.426
545,79.413
545.34,79.424
545.69,79.416
546.03,79.414
546.37,79.392
546.72,79.386
547.06,79.387
547.41,79.376
547.75,79.367
548.09,79.36
548.44,79.358
548.78,79.36
549.13,79.356
549.47,79.324
549.81,79.301
550.16,79.278
550.5,79.274
550.85,79.277
551.19,79.271
551.53,79.269
551.88,79.264
552.22,79.276
552.56,79.249
552.91,79.245
553.25,79.237
553.59,79.237
553.94,79.244
554.28,79.224
554.62,79.213
554.97,79.212
555.31,79.224
555.65,79.252
556,79.258
556.34,79.257
556.68,79.243
557.03,79.224
557.37,79.212
557.71,79.192
558.05,79.164
558.4,79.168
558.74,79.153
559.08,79.149
559.43,79.142
559.77,79.136
560.11,79.129
560.45,79.132
560.8,79.106
561.14,79.111
561.48,79.094
561.82,79.083
562.17,79.065
562.51,79.066
562.85,79.06
563.19,79.07
563.53,79.076
563.88,79.096
564.22,79.096
564.56,79.088
564.9,79.084
565.25,79.083
565.59,79.084
565.93,79.083
566.27,79.077
566.61,79.104
566.96,79.105
567.3,79.097
567.64,79.104
567.98,79.127
568.32,79.108
568.66,79.112
569.01,79.093
569.35,79.112
569.69,79.111
570.03,79.111
570.37,79.099
570.71,79.107
571.05,79.099
571.4,79.078
571.74,79.091
572.08,79.09
572.42,79.064
572.76,79.034
573.1,79.026
573.44,79.027
573.78,79.011
574.12,79.018
574.47,79.017
574.81,79.023
575.15,79.006
575.49,78.985
575.83,78.975
576.17,78.996
576.51,78.989
576.85,78.989
577.19,79.002
577.53,78.986
577.87,78.975
578.21,78.976
578.55,78.986
578.89,79.004
579.23,79.003
579.57,79.004
579.91,79
580.26,78.989
580.6,78.983
580.94,78.965
581.28,78.967
581.62,78.97
581.96,78.96
582.3,78.964
582.64,78.966
582.98,78.976
583.32,78.975
583.66,78.985
584,78.99
584.33,78.993
584.67,78.956
585.01,78.951
585.35,78.933
585.69,78.93
586.03,78.934
586.37,78.927
586.71,78.932
587.05,78.92
587.39,78.902
587.73,78.886
588.07,78.878
588.41,78.874
588.75,78.842
589.09,78.825
589.43,78.811
589.77,78.785
590.1,78.762
590.44,78.784
590.78,78.772
591.12,78.776
591.46,78.759
591.8,78.747
592.14,78.753
592.48,78.744
592.82,78.764
593.15,78.77
593.49,78.781
593.83,78.753
594.17,78.733
594.51,78.723
594.85,78.732
595.19,78.728
595.52,78.738
595.86,78.766
596.2,78.756
596.54,78.755
596.88,78.742
597.22,78.747
597.55,78.749
597.89,78.73
598.23,78.726
598.57,78.717
598.91,78.715
599.24,78.697
599.58,78.712
599.92,78.727
600.26,78.733
600.6,78.714
600.93,78.709
601.27,78.723
601.61,78.707
601.95,78.711
602.28,78.72
602.62,78.733
602.96,78.736
603.3,78.736
603.63,78.736
603.97,78.751
604.31,78.725
604.65,78.701
604.98,78.701
605.32,78.688
605.66,78.674
605.99,78.67
606.33,78.7
606.67,78.698
607.01,78.68
607.34,78.657
607.68,78.653
608.02,78.63
608.35,78.618
608.69,78.611
609.03,78.604
609.36,78.582
609.7,78.564
610.04,78.571
610.37,78.591
610.71,78.597
611.05,78.6
611.38,78.606
611.72,78.616
612.06,78.586
612.39,78.596
612.73,78.604
613.06,78.639
613.4,78.621
613.74,78.621
614.07,78.619
614.41,78.6
614.74,78.593
615.08,78.6
615.42,78.608
615.75,78.599
616.09,78.579
616.42,78.581
616.76,78.577
617.1,78.566
617.43,78.554
617.77,78.555
618.1,78.552
618.44,78.549
618.77,78.52
619.11,78.518
619.44,78.529
619.78,78.505
620.11,78.513
620.45,78.517
620.79,78.526
621.12,78.515
621.46,78.53
621.79,78.529
622.13,78.515
622.46,78.519
622.8,78.519
623.13,78.498
623.47,78.487
623.8,78.474
624.14,78.445
624.47,78.428
624.81,78.413
625.14,78.405
625.47,78.397
625.81,78.382
626.14,78.37
626.48,78.343
626.81,78.32
627.15,78.295
627.48,78.292
627.82,78.291
628.15,78.28
628.48,78.268
628.82,78.282
629.15,78.282
629.49,78.268
629.82,78.286
630.16,78.298
630.49,78.309
630.82,78.29
631.16,78.301
631.49,78.325
631.83,78.326
632.16,78.334
632.49,78.35
632.83,78.347
633.16,78.354
633.49,78.361
633.83,78.33
634.16,78.322
634.49,78.311
634.83,78.307
635.16,78.289
635.49,78.262
635.83,78.228
636.16,78.204
636.49,78.187
636.83,78.187
637.16,78.167
637.49,78.164
637.83,78.166
638.16,78.166
638.49,78.159
638.83,78.142
639.16,78.118
639.49,78.157
639.82,78.148
640.16,78.143
640.49,78.161
640.82,78.178
641.16,78.186
641.49,78.226
641.82,78.255
642.15,78.273
642.49,78.26
642.82,78.246
643.15,78.259
643.48,78.24
643.82,78.248
644.15,78.261
644.48,78.254
644.81,78.275
645.14,78.255
645.48,78.276
645.81,78.279
646.14,78.231
646.47,78.22
646.8,78.221
647.14,78.208
647.47,78.198
647.8,78.192
648.13,78.193
648.46,78.194
648.79,78.17
649.13,78.186
649.46,78.15
649.79,78.116
650.12,78.137
650.45,78.111
650.78,78.091
651.12,78.068
651.45,78.057
651.78,78.085
652.11,78.075
652.44,78.076
652.77,78.065
653.1,78.059
653.43,78.057
653.76,78.066
654.1,78.07
654.43,78.077
654.76,78.062
655.09,78.039
655.42,78.045
655.75,78.032
656.08,78.027
656.41,78.024
656.74,78.026
657.07,78.025
657.4,78.022
657.73,78.005
658.06,78.006
658.39,78.007
658.72,77.993
659.05,77.989
659.38,78.005
659.71,78.013
660.04,77.994
660.38,77.974
660.71,77.983
661.04,77.996
661.37,77.994
661.7,77.997
662.03,78.013
662.35,78.023
662.68,78.04
663.01,78.04
663.34,78.072
663.67,78.058
664,78.044
664.33,78.055
664.66,78.046
664.99,78.031
665.32,78.035
665.65,78.054
665.98,78.067
666.31,78.075
666.64,78.083
666.97,78.075
667.3,78.072
667.63,78.073
667.96,78.06
668.28,78.05
668.61,78.03
668.94,78.002
669.27,78.004
669.6,78.016
669.93,78.006
670.26,78.009
670.59,78.008
670.92,77.966
671.24,77.943
671.57,77.936
671.9,77.958
672.23,77.955
672.56,77.949
672.89,77.951
673.22,77.94
673.54,77.933
673.87,77.942
674.2,77.93
674.53,77.929
674.86,77.921
675.18,77.907
675.51,77.9
675.84,77.894
676.17,77.876
676.5,77.881
676.82,77.863
677.15,77.854
677.48,77.82
677.81,77.805
678.14,77.767
678.46,77.744
678.79,77.744
679.12,77.758
679.45,77.731
679.77,77.75
680.1,77.768
680.43,77.763
680.76,77.777
681.08,77.772
681.41,77.761
681.74,77.758
682.07,77.776
682.39,77.794
682.72,77.783
683.05,77.796
683.37,77.787
683.7,77.803
684.03,77.793
684.35,77.776
684.68,77.753
685.01,77.728
685.33,77.715
685.66,77.704
685.99,77.698
686.31,77.696
686.64,77.708
686.97,77.715
687.29,77.706
687.62,77.696
687.95,77.697
688.27,77.716
688.6,77.729
688.93,77.737
689.25,77.744
689.58,77.75
689.9,77.747
690.23,77.738
690.56,77.746
690.88,77.743
691.21,77.719
691.53,77.714
691.86,77.667
692.19,77.659
692.51,77.671
692.84,77.675
693.16,77.663
693.49,77.645
693.81,77.621
694.14,77.578
694.46,77.574
694.79,77.576
695.12,77.583
695.44,77.598
695.77,77.613
696.09,77.61
696.42,77.61
696.74,77.624
697.07,77.641
697.39,77.672
697.72,77.646
698.04,77.628
698.37,77.593
698.69,77.596
699.02,77.614
699.34,77.635
699.67,77.662
699.99,77.642
700.32,77.629
700.64,77.628
700.96,77.62
701.29,77.601
701.61,77.595
701.94,77.611
702.26,77.628
702.59,77.591
702.91,77.578
703.24,77.602
703.56,77.602
703.88,77.613
704.21,77.593
704.53,77.585
704.86,77.563
705.18,77.545
705.5,77.535
705.83,77.517
706.15,77.48
706.48,77.46
706.8,77.475
707.12,77.521
707.45,77.499
707.77,77.464
708.09,77.486
708.42,77.488
708.74,77.457
709.06,77.433
709.39,77.43
709.71,77.421
710.03,77.404
710.36,77.421
710.68,77.411
711,77.42
711.33,77.431
711.65,77.46
711.97,77.482
712.3,77.476
712.62,77.433
712.94,77.443
713.26,77.449
713.59,77.444
713.91,77.431
714.23,77.423
714.56,77.442
714.88,77.446
715.2,77.467
715.52,77.475
715.85,77.442
716.17,77.431
716.49,77.435
716.81,77.438
717.13,77.439
717.46,77.413
717.78,77.395
718.1,77.4
718.42,77.386
718.75,77.406
719.07,77.388
719.39,77.411
719.71,77.414
720.03,77.391
720.35,77.363
720.68,77.355
721,77.327
721.32,77.336
721.64,77.347
721.96,77.324
722.28,77.303
722.61,77.283
722.93,77.296
723.25,77.336
723.57,77.353
723.89,77.363
724.21,77.333
724.53,77.333
724.85,77.315
725.18,77.341
725.5,77.321
725.82,77.329
726.14,77.318
726.46,77.329
726.78,77.344
727.1,77.35
727.42,77.381
727.74,77.375
728.06,77.392
728.38,77.389
728.71,77.322
729.03,77.318
729.35,77.301
729.67,77.325
729.99,77.319
730.31,77.342
730.63,77.336
730.95,77.353
731.27,77.353
731.59,77.346
731.91,77.346
732.23,77.308
732.55,77.29
732.87,77.254
733.19,77.238
733.51,77.193
733.83,77.181
734.15,77.237
734.47,77.215
734.79,77.197
735.11,77.166
735.43,77.175
735.75,77.132
736.07,77.13
736.39,77.108
736.7,77.103
737.02,77.097
737.34,77.09
737.66,77.138
737.98,77.146
738.3,77.168
738.62,77.178
738.94,77.192
739.26,77.196
739.58,77.16
739.9,77.145
740.22,77.163
740.53,77.168
740.85,77.16
741.17,77.176
741.49,77.146
741.81,77.164
742.13,77.168
742.45,77.162
742.76,77.134
743.08,77.088
743.4,77.078
743.72,77.077
744.04,77.09
744.36,77.101
744.67,77.048
744.99,77.04
745.31,77.048
745.63,77.061
745.95,77.046
746.27,77.042
746.58,77.043
746.9,77.065
747.22,77.048
747.54,77.063
747.85,77.035
748.17,77.091
748.49,77.11
748.81,77.135
749.12,77.128
749.44,77.088
749.76,77.097
750.08,77.149
750.39,77.165
750.71,77.161
751.03,77.134
751.35,77.126
751.66,77.122
751.98,77.132
752.3,77.14
752.62,77.111
752.93,77.063
753.25,77.103
753.57,77.066
753.88,77.073
754.2,77.016
754.52,77.018
754.83,77.065
755.15,77.047
755.47,77.059
755.78,77.044
756.1,77.07
756.42,77.089
756.73,77.107
757.05,77.146
757.36,77.12
757.68,77.13
758,77.161
758.31,77.185
758.63,77.184
758.95,77.179
759.26,77.185
759.58,77.223
759.89,77.197
760.21,77.179
760.53,77.159
760.84,77.152
761.16,77.139
761.47,77.111
761.79,77.077
762.1,77.069
762.42,77.028
762.74,77.045
763.05,77.021
763.37,77.029
763.68,77.027
764,77.02
764.31,77.014
764.63,77.001
764.94,76.997
765.26,77.009
765.57,76.999
765.89,76.986
766.2,76.96
766.52,76.962
766.83,76.945
767.15,76.918
767.46,76.92
767.78,76.914
768.09,76.892
768.41,76.855
768.72,76.827
769.04,76.812
769.35,76.818
769.66,76.824
769.98,76.828
770.29,76.823
770.61,76.809
770.92,76.818
771.24,76.866
771.55,76.855
771.86,76.815
772.18,76.805
772.49,76.861
772.81,76.836
773.12,76.836
773.43,76.807
773.75,76.819
774.06,76.81
774.38,76.802
774.69,76.765
775,76.716
775.32,76.688
775.63,76.621
775.94,76.631
776.26,76.617
776.57,76.604
776.88,76.615
777.2,76.613
777.51,76.65
777.82,76.606
778.14,76.568
778.45,76.615
778.76,76.592
779.07,76.6
779.39,76.589
779.7,76.616
780.01,76.615
780.33,76.695
780.64,76.643
780.95,76.715
781.26,76.647
781.58,76.609
781.89,76.609
782.2,76.601
782.51,76.618
782.83,76.556
783.14,76.566
783.45,76.578
783.76,76.522
784.08,76.553
784.39,76.542
784.7,76.555
785.01,76.511
785.32,76.503
785.64,76.444
785.95,76.536
786.26,76.488
786.57,76.517
786.88,76.554
787.2,76.519
787.51,76.551
787.82,76.611
788.13,76.671
788.44,76.672
788.75,76.661
789.06,76.636
789.38,76.641
789.69,76.654
790,76.637
790.31,76.692
790.62,76.72
790.93,76.735
791.24,76.716
791.55,76.711
791.87,76.691
792.18,76.687
792.49,76.722
792.8,76.742
793.11,76.673
793.42,76.683
793.73,76.746
794.04,76.779
794.35,76.822
794.66,76.839
794.97,76.891
795.28,76.935
795.59,76.877
795.9,76.897
796.21,76.876
796.52,76.857
796.83,76.884
797.14,76.925
797.45,76.871
797.76,76.855
798.07,76.835
798.38,76.815
798.69,76.759
799,76.693
799.31,76.627
799.62,76.622
799.93,76.559
800.24,76.502
800.55,76.436
800.86,76.448
801.17,76.381
801.48,76.425
801.79,76.399
802.1,76.344
802.41,76.275
802.72,76.313
803.03,76.301
803.34,76.274
803.65,76.331
803.95,76.373
804.26,76.342
804.57,76.467
804.88,76.475
805.19,76.562
805.5,76.593
805.81,76.693
806.12,76.706
806.42,76.726
806.73,76.736
807.04,76.722
807.35,76.735
807.66,76.766
807.97,76.739
808.28,76.774
808.58,76.738
808.89,76.752
809.2,76.697
809.51,76.748
809.82,76.691
810.12,76.669
810.43,76.618
810.74,76.559
811.05,76.501
811.36,76.436
811.66,76.406
811.97,76.325
812.28,76.371
812.59,76.405
812.89,76.362
813.2,76.416
813.51,76.393
813.82,76.443
814.12,76.369
814.43,76.386
814.74,76.359
815.05,76.392
815.35,76.437
815.66,76.449
815.97,76.449
816.27,76.405
816.58,76.402
816.89,76.342
817.2,76.292
817.5,76.251
817.81,76.351
818.12,76.479
818.42,76.601
818.73,76.648
819.04,76.649
819.34,76.775
819.65,76.853
819.95,76.881
820.26,76.918
820.57,76.963
820.87,77.034
821.18,77.086
821.49,77.081
821.79,77.084
822.1,77.088
822.4,77.082
822.71,77.064
823.02,77.044
823.32,77.031
823.63,76.998
823.93,76.982
824.24,76.976
824.54,76.96
824.85,76.941
825.16,76.93
825.46,76.898
825.77,76.863
826.07,76.797
826.38,76.74
826.68,76.72
826.99,76.691
827.29,76.669
827.6,76.649
827.9,76.66
828.21,76.632
828.51,76.606
828.82,76.591
829.12,76.585
829.43,76.568
829.73,76.527
830.04,76.521
830.34,76.507
830.65,76.527
830.95,76.532
831.26,76.591
831.56,76.587
831.87,76.544
832.17,76.568
832.47,76.543
832.78,76.602
833.08,76.634
833.39,76.652
833.69,76.688
833.99,76.75
834.3,76.767
834.6,76.801
834.91,76.813
835.21,76.771
835.51,76.773
835.82,76.749
836.12,76.714
836.43,76.623
836.73,76.604
837.03,76.593
837.34,76.521
837.64,76.51
837.94,76.457
838.25,76.453
838.55,76.472
838.85,76.397
839.16,76.33
839.46,76.345
839.76,76.303
840.07,76.3
840.37,76.366
840.67,76.34
840.97,76.374
841.28,76.397
841.58,76.434
841.88,76.403
842.19,76.432
842.49,76.404
842.79,76.374
843.09,76.298
843.4,76.134
843.7,76.068
844,76.052
844.3,76.042
844.61,75.901
844.91,75.823
845.21,75.806
845.51,75.576
845.81,75.477
846.12,75.245
846.42,75.164
846.72,75.097
847.02,74.99
847.32,74.883
847.62,74.871
847.93,74.928
848.23,74.867
848.53,74.835
848.83,74.759
849.13,74.704
849.43,74.712
849.74,74.654
850.04,74.652
850.34,74.546
850.64,74.768
850.94,74.801
851.24,74.779
851.54,74.547
851.84,74.394
852.14,74.535
852.45,74.408
852.75,74.357
853.05,74.212
853.35,74.258
853.65,74.222
853.95,74.229
854.25,74.175
854.55,74.074
854.85,74.1
855.15,73.895
855.45,73.894
855.75,73.733
856.05,73.778
856.35,73.869
856.65,74.038
856.95,74.006
857.25,73.815
857.55,73.866
857.85,73.953
858.15,74.095
858.45,74.201
858.75,74.239
859.05,74.304
859.35,74.258
859.65,74.197
859.95,74.232
860.25,74.406
860.55,74.472
860.85,74.534
861.15,74.427
861.45,74.447
861.75,74.423
862.05,74.581
862.35,74.803
862.65,74.957
862.95,75.086
863.24,74.985
863.54,75.048
863.84,75.055
864.14,75.033
864.44,75.112
864.74,75.165
865.04,75.234
865.34,75.289
865.63,75.251
865.93,75.118
866.23,75.121
866.53,75.06
866.83,75.106
867.13,74.957
867.43,74.74
867.72,74.77
868.02,74.645
868.32,74.708
868.62,74.642
868.92,74.723
869.21,74.714
869.51,74.793
869.81,74.851
870.11,74.756
870.41,74.761
870.7,74.825
871,74.947
871.3,75.038
871.6,75.247
871.89,75.282
872.19,75.305
872.49,75.337
872.79,75.265
873.08,75.334
873.38,75.436
873.68,75.361
873.97,75.257
874.27,75.211
874.57,75.113
874.87,75.09
875.16,75.111
875.46,75.153
875.76,75.056
876.05,74.253
876.35,73.827
876.65,74.323
876.94,73.966
877.24,75.007
877.54,74.637
877.83,76.117
878.13,74.444