wl,floor_5,floor_4,floor_3,floor_2,floor_1
176.12,-45.833,0,70.833,45.833,100
176.5,-45.833,0,70.833,45.833,100
176.89,-45.833,0,70.833,45.833,100
177.28,132.143,-53.571,57.143,-50,-35.714
177.67,-740,-580,-1060,-1020,-920
178.06,188.889,-5.556,183.333,44.444,-100
178.45,76.471,76.471,83.824,30.882,113.235
178.84,100,600,1500,1850,900
179.22,49.231,-15.385,3.077,75.385,46.154
179.61,-40,120,166.667,46.667,100
180,28.571,108.571,182.857,8.571,-25.714
180.39,52.5,60,40,90,80
180.78,-475,-225,-200,200,-1150
181.16,95.238,-59.524,16.667,-26.19,2.381
181.55,256.757,148.649,102.703,172.973,129.73
181.94,233.333,22.222,166.667,377.778,411.111
182.33,159.375,268.75,100,25,131.25
182.72,25,87.5,-31.25,281.25,343.75
183.1,84.375,-50,46.875,-68.75,178.125
183.49,150,-440,-130,-50,10
183.88,51.923,63.462,53.846,61.538,28.846
184.27,-842.857,-600,-457.143,-114.286,100
184.66,-188.889,-159.259,-37.037,-51.852,-25.926
185.04,-7.5,172.5,100,35,2.5
185.43,0,0,0,0,0
185.82,156.41,2.564,110.256,28.205,76.923
186.21,342.857,842.857,-514.286,0,57.143
186.59,-400,-700,-1150,250,-200
186.98,320,370,0,610,0
187.37,4200,3400,1600,3600,6200
187.76,86.957,39.13,78.261,86.957,52.174
188.15,160.526,123.684,42.105,-34.211,115.789
188.53,35.714,39.286,32.143,128.571,-100
188.92,6.329,60.759,17.722,60.759,-15.19
189.31,5200,2100,6100,-300,2600
189.69,68.519,72.222,100,87.037,-20.37
190.08,-114.286,100,-150,-142.857,78.571
190.47,88.235,-105.882,41.176,-41.176,-111.765
190.86,328.571,538.095,461.905,176.19,323.81
191.24,163.889,-55.556,30.556,-61.111,63.889
191.63,-19.231,234.615,119.231,65.385,146.154
192.02,18.605,113.953,-4.651,2.326,74.419
192.41,41.667,641.667,183.333,191.667,366.667
192.79,146.667,-60,6.667,-93.333,-133.333
193.18,145.714,54.286,165.714,31.429,80
193.57,107.143,60.714,100,167.857,64.286
193.95,226.316,42.105,-100,-10.526,157.895
194.34,17.647,111.765,-44.118,-20.588,32.353
194.73,560,-180,180,-80,-200
195.11,-209.091,227.273,254.545,245.455,-63.636
195.5,144.798,147.977,70.231,107.659,145.665
195.89,142.717,142.857,69.468,101.401,149.02
196.27,134.162,134.162,65.445,95.288,139.66
196.66,127.901,125.945,62.581,89.7,135.202
197.05,134.748,126.393,68.17,85.279,133.82
197.43,130.326,113.91,63.91,80.075,121.053
197.82,129.093,104.829,69.494,79.859,116.49
198.21,129.537,106.008,66.834,80.976,114.518
198.59,123.068,104.348,58.575,75,111.353
198.98,123.982,101.87,59.186,78.878,109.131
199.37,121.235,96.1,57.746,77.79,107.367
199.75,123.593,97.835,54.329,79.329,112.554
200.14,128.039,95.181,53.669,73.384,109.529
200.53,132.369,92.605,53.055,71.49,111.04
200.91,129.582,102.144,59.7,76.42,115.97
201.3,121.114,103.132,60.093,71.114,116.821
201.68,120,103.195,56.095,63.669,111.834
202.07,126.092,98.127,55.431,64.17,117.353
202.46,132.026,99.346,54.902,57.778,108.758
202.84,131.918,105.534,57.4,68.082,97.169
203.23,122.656,108.854,54.297,62.37,94.661
203.61,121.508,105.562,55.995,61.805,91.224
204,117.34,102.613,60.689,64.964,95.249
204.39,126.443,107.506,63.395,68.822,94.688
204.77,123.82,108.09,70.787,66.517,89.213
205.16,118.519,100.98,73.42,61.765,83.987
205.54,116.405,108.685,73.583,62.726,83.836
205.93,111.39,100,78.474,63.667,82.232
206.32,109.732,102.908,82.215,63.311,80.537
206.7,107.533,95.306,80.895,58.079,77.948
207.09,112.632,99.368,84.632,62.316,86.842
207.47,118.654,107.792,87.367,67.296,95.159
207.86,125.895,113.499,92.7,69.972,94.904
208.24,126.337,119.204,92.318,69.41,100.96
208.63,141.294,132.666,100.308,70.878,119.723
209.02,143.982,135.958,105.201,65.973,122.288
209.4,139.164,129.257,95.82,62.848,131.579
209.79,137.895,124.361,88.571,54.286,130.526
210.17,141.061,129.091,89.394,56.818,129.242
210.56,142.24,120,80,57.12,130.4
210.94,142.433,108.16,75.074,47.478,130.712
211.33,147.881,100.785,71.9,52.276,132.653
211.71,150,95.349,61.296,47.841,134.385
212.1,141.353,78.346,57.744,40.451,122.556
212.48,144.708,95.419,64.929,45.498,128.752
212.87,153.846,104.651,55.814,42.218,138.462
213.25,148.983,103.559,63.051,47.966,134.746
213.64,147.664,95.639,56.698,47.819,126.947
214.02,157.938,93.126,60.556,47.627,135.843
214.41,158.403,105.324,60.067,52.08,140.765
214.79,155.416,104.082,66.248,58.085,137.363
215.18,151.047,96.135,66.667,59.42,143.8
215.56,155.929,103.205,73.237,68.429,154.808
215.95,161.706,108.027,87.96,64.548,172.074
216.33,164.235,113.523,88.612,60.676,185.231
216.72,181.053,130.947,91.368,60.842,193.263
217.1,194.545,138.864,90.682,55.682,210.227
217.49,200.216,134.989,70.842,37.797,202.592
217.87,211.442,133.41,82.609,30.892,218.307
218.26,214.706,140.95,102.941,42.76,231.9
218.64,221.258,142.95,88.937,38.612,237.31
219.03,251.759,164.322,98.744,54.774,293.719
219.41,233.475,144.776,88.699,57.143,253.092
219.79,241.253,158.099,94.384,71.49,259.827
220.18,222.153,145.549,74.741,73.499,251.553
220.56,226.572,145.639,83.367,63.692,241.582
220.95,220.489,146.992,99.248,81.767,228.759
221.33,192.868,129.477,85.895,74.802,212.995
221.72,178.366,125.87,77.912,73.222,200.151
222.1,199.49,138.265,85.544,90.476,207.653
222.48,206.25,134.797,80.574,100,210.98
222.87,211.849,124.776,80.251,100,214.183
223.25,210.093,117.196,86.168,90.467,212.897
223.64,198.087,106.087,77.391,75.478,198.087
224.02,195.183,114.95,80.731,72.093,194.518
224.41,185.805,110.367,80.702,70.335,183.254
224.79,185.625,108.438,76.875,71.562,174.844
225.17,177.047,106.579,66.52,75.292,162.135
225.56,154.301,95.968,60.484,63.71,141.667
225.94,147.949,90.256,60.385,59.872,139.744
226.32,142.284,100,62.359,64.115,139.523
226.71,143.775,98.929,58.768,62.115,140.428
227.09,147.937,98.009,58.89,63.442,139.403
227.48,161.985,112.366,68.092,74.504,151.298
227.86,172.185,129.305,71.192,74.007,157.781
228.24,182.753,145.47,65.505,74.042,168.99
228.63,172.266,146.91,66.719,75.753,158.637
229.01,149.718,134.04,61.158,76.271,134.463
229.39,155.626,138.51,48.177,81.3,133.914
229.78,154.23,130.967,37.16,77.19,122.81
230.16,140.683,118.634,32.148,63.016,113.229
230.54,142.816,127.299,28.736,55.603,118.534
230.93,134.932,125.068,27.397,50.274,111.507
231.31,136.7,129.303,24.893,52.063,109.531
231.69,142.457,132.037,28.616,46.19,113.53
232.08,130.488,127.591,33.994,39.939,114.787
232.46,138.438,135.781,29.219,36.406,112.5
232.84,142.097,136.17,13.982,33.891,107.447
233.23,151.192,136.725,13.037,38.156,114.149
233.61,157.581,132.879,3.237,31.005,114.14
233.99,157.343,126.224,5.07,23.077,112.063
234.38,177.505,142.127,2.045,23.108,116.155
234.76,176.044,146.154,0.22,25.055,108.791
235.14,189.598,169.267,9.929,31.678,137.116
235.53,211.111,179.04,14.646,38.131,152.02
235.91,197.664,155.841,6.776,50.467,143.692
236.29,201.067,177.867,-1.867,43.733,158.133
236.67,197.927,181.606,-10.881,43.005,137.306
237.06,229.412,197.059,-17.059,42.941,149.706
237.44,263.696,210.231,-24.092,52.805,160.396
237.82,251.908,198.092,-62.595,33.969,167.176
238.21,329.146,256.784,-96.482,41.206,188.945
238.59,352.332,250.777,-89.119,43.005,187.565
238.97,462.857,342.143,-129.286,74.286,277.143
239.35,437.903,379.032,-179.839,91.129,312.097
239.74,445.238,355.556,-197.619,76.984,307.937
240.12,508,354.4,-195.2,88.8,285.6
240.5,409.434,302.516,-86.792,116.981,257.862
240.88,713.83,543.617,-98.936,255.319,388.298
241.27,613.274,469.912,-48.673,284.956,382.301
241.65,693.548,523.656,-80.645,262.366,478.495
242.03,754.255,578.723,-39.362,321.277,507.447
242.41,701.923,552.885,-19.231,312.5,474.038
242.79,769.767,631.395,-97.674,287.209,534.884
243.18,1012.698,863.492,-111.111,411.111,811.111
243.56,966.154,827.692,-153.846,380,806.154
243.94,-6550,-5770,1270,-2650,-5450
244.32,1524,1318,-190,612,1116
244.7,2520,2176.667,-430,890,1883.333
245.09,38100,31950,-8450,13250,28100
245.47,2105.882,1767.647,-517.647,632.353,1550
245.85,905,733.75,-228.75,292.5,618.75
246.23,478.125,381.875,-88.125,133.125,313.125
246.61,518.71,394.839,-67.097,169.032,339.355
247,642.276,413.821,-138.211,161.789,376.423
247.38,714.407,366.949,-130.508,170.339,405.085
247.76,1026.506,491.566,-190.361,219.277,566.265
248.14,5566.667,2833.333,-1020,1080,2880
248.52,-1340,-635,275,-243.333,-655
248.9,-5821.429,-2400,1235.714,-1035.714,-2578.571
249.29,-75800,-29500,21800,-11400,-30900
249.67,-1396.226,-552.83,371.698,-183.019,-479.245
250.05,-2757.143,-1246.429,614.286,-485.714,-957.143
250.43,-11585.714,-5800,871.429,-2614.286,-4285.714
250.81,-855.435,-344.565,111.957,-213.043,-211.957
251.19,-721.101,-155.963,148.624,-139.45,-177.982
251.57,-1087.838,-239.189,166.216,-232.432,-308.108
251.96,-823.711,-156.701,150.515,-124.742,-204.124
252.34,-985.542,-231.325,167.47,-144.578,-275.904
252.72,-784.158,-207.921,127.723,-173.267,-188.119
253.1,-806.186,-164.948,156.701,-152.577,-231.959
253.48,-694.231,-113.462,175,-114.423,-202.885
253.86,-692.593,-137.963,156.481,-96.296,-193.519
254.24,-622.321,-92.857,152.679,-58.036,-140.179
254.62,-1178.689,-226.23,355.738,-126.23,-175.41
255.01,-751.087,-71.739,307.609,-42.391,-31.522
255.39,-1510.417,-179.167,477.083,-154.167,-114.583
255.77,9850,1025,-2237.5,1750,625
256.15,8566.667,1177.778,-922.222,2200,400
256.53,2907.407,700,-322.222,1100,144.444
256.91,4470.588,1182.353,-600,1741.176,76.471
257.29,2036.111,580.556,-280.556,836.111,-52.778
257.67,1200,368.333,-166.667,451.667,-133.333
258.05,1004.412,350,-170.588,355.882,-116.176
258.43,1820,482.857,-571.429,554.286,-297.143
258.81,1076.923,303.077,-189.231,315.385,-132.308
259.19,2239.286,564.286,-714.286,589.286,-507.143
259.57,1330.612,391.837,-410.204,302.041,-193.878
259.95,943.077,312.308,-192.308,249.231,-169.231
260.34,978.125,385.938,-143.75,310.938,-109.375
260.72,653.333,361.111,-76.667,223.333,-115.556
261.1,670.455,320.455,-106.818,180.682,-169.318
261.48,508.13,300,-18.699,172.358,-91.057
261.86,598.131,378.505,-1.869,221.495,-66.355
262.24,741.573,473.034,10.112,292.135,-32.584
262.62,654.839,386.022,-13.978,288.172,-94.624
263,3473.333,1666.667,-486.667,1093.333,-966.667
263.38,5937.5,3325,-562.5,1900,-1837.5
263.76,-7900,-3583.333,66.667,-1616.667,3233.333
264.14,-688.235,-279.412,35.294,-144.118,258.824
264.52,-755.556,-266.667,58.73,-53.968,390.476
264.9,-554.795,-124.658,71.233,67.123,369.863
265.28,-917.391,-404.348,-97.826,84.783,508.696
265.66,577.778,313.58,169.136,24.691,-198.765
266.04,299.342,171.053,105.921,22.368,-94.079
266.42,267.647,109.412,115.882,37.647,-100.588
266.8,579.487,221.795,261.538,76.923,-292.308
267.18,3140,926.667,1480,480,-1713.333
267.56,-6671.429,-1828.571,-3271.429,-1157.143,3285.714
267.94,504.587,206.422,365.138,125.688,-111.009
268.32,2156.522,647.826,1717.391,439.13,-743.478
268.7,12800,3075,9850,3925,-5525
269.08,-768.75,-23.437,-546.875,-240.625,370.313
269.45,-1067.391,17.391,-817.391,-465.217,510.87
269.83,1950,46.875,1362.5,825,-453.125
270.21,1595.238,123.81,1011.905,700,-371.429
270.59,-1200,-96,-740,-654,462
270.97,-1304.444,-88.889,-957.778,-731.111,440
271.35,-723.81,-8.333,-632.143,-426.19,209.524
271.73,-2375,-192.857,-2053.571,-1303.571,364.286
272.11,-1106.667,-65,-1048.333,-575,203.333
272.49,-1085.714,-71.429,-923.81,-525.397,247.619
272.87,-12516.667,-450,-10566.667,-6200,1983.333
273.25,1330.508,81.356,1132.203,681.356,-120.339
273.63,1120.896,-59.701,923.881,501.493,-171.642
274.01,620.833,5.833,502.5,267.5,-72.5
274.39,499.324,52.027,418.919,191.216,-45.27
274.76,432.432,60,348.649,168.108,-32.432
275.14,426.563,51.042,374.479,159.896,5.208
275.52,481.29,74.194,467.742,193.548,-3.226
275.9,450,92.683,453.049,151.22,-15.244
276.28,423.469,114.796,409.694,164.286,-4.592
276.66,314.717,103.396,313.962,127.17,21.132
277.04,309.231,99.231,307.692,130.385,25.385
277.42,275,94.318,292.424,112.5,6.818
277.79,280.537,93.96,282.886,87.248,19.463
278.17,373.182,107.273,367.273,110.455,-8.182
278.55,315.2,94.8,336,103.2,21.6
278.93,379.365,80.952,396.296,97.884,-30.159
279.31,226.936,56.229,225.253,67.34,-7.407
279.69,193.207,61.413,185.326,58.967,-3.804
280.07,202.887,68.766,178.478,61.68,7.349
280.44,215.057,56.25,202.557,65.909,9.091
280.82,223.006,52.147,203.374,56.748,-5.215
281.2,214.045,49.438,185.112,73.315,2.809
281.58,227.221,63.324,191.691,69.628,-13.181
281.96,198.718,65.897,169.744,64.615,-7.179
282.34,193.842,65.271,177.34,52.956,-3.448
282.71,183.75,56,179.25,51.5,2.5
283.09,196.774,48.656,198.387,66.935,-4.839
283.47,190.957,49.468,202.66,50,-9.043
283.85,270.149,76.866,276.119,73.134,-7.09
284.23,337.368,93.684,365.789,83.158,-34.737
284.6,417.483,80.42,455.944,125.175,-101.399
284.98,252.174,63.913,281.304,85.652,-57.391
285.36,276.712,55.251,299.543,85.845,-44.292
285.74,206.69,64.437,226.761,63.38,-46.831
286.12,204.651,56.811,218.937,75.083,-48.837
286.49,181.39,52.854,185.112,70.968,-24.069
286.87,150.658,58.114,160.526,66.886,-15.789
287.25,136.517,58.052,150.562,65.356,8.052
287.63,128.237,60.998,143.214,64.275,15.757
288,124.189,54.425,137.611,64.602,18.142
288.38,125.321,49.519,145.513,53.526,12.5
288.76,127.797,44.237,150.339,56.949,14.407
289.14,127.009,54.188,147.863,55.897,24.274
289.52,112.154,55.077,135.846,53.385,24
289.89,119.139,58.692,142.584,56.14,23.764
290.27,116.364,59.545,134.545,67.273,34.697
290.65,111.509,62.519,136.858,68.896,41.991
291.02,108.576,55.896,133.691,65.697,43.338
291.4,101.397,53.492,128.631,61.453,40.922
291.78,102.52,61.936,127.188,66.976,44.032
292.16,104.599,63.732,129.041,66.491,47.043
292.53,108.906,65.649,126.209,71.247,49.491
292.91,113.21,67.503,139.366,79.26,50.727
293.29,123.004,78.484,149.12,85.25,62.111
293.66,117.789,80.94,143.202,87.548,60.102
294.04,117.408,85.471,147.906,87.173,63.613
294.42,112.754,83.175,143.148,90.502,66.486
294.8,108.619,74.778,139.67,83.904,61.85
295.17,109.441,75.901,141.118,87.702,62.981
295.55,101.054,78.689,139.344,82.084,60.304
295.93,100.479,79.641,143.473,83.473,61.198
296.3,103.758,73.818,142.788,87.636,66.061
296.68,100.491,75.337,149.08,88.466,65.521
297.06,101.868,77.21,145.953,91.407,69.365
297.43,101.625,75.375,143,84.625,69.875
297.81,97.113,69.816,139.501,87.008,67.717
298.19,100.665,67.287,138.298,92.819,66.489
298.56,103.659,65.854,139.295,86.856,74.255
298.94,119.581,73.842,158.595,88.341,85.949
299.32,109.417,79.522,163.229,86.547,85.8
299.69,106.619,71.223,161.295,89.209,83.453
300.07,100.289,64.162,153.757,88.15,75.289
300.45,99.713,64.275,151.65,99.139,72.884
300.82,107.668,73.642,164.696,100.799,84.026
301.2,113.193,82.609,155.622,101.949,84.258
301.57,108.514,85.281,160.317,101.732,82.251
301.95,102.782,83.455,160.469,100.293,83.748
302.33,105.638,84.966,157.315,100.403,86.443
302.7,115.313,90.413,168.043,115.446,96.138
303.08,120.368,95.926,168.2,121.419,96.189
303.45,126.639,92.329,167.782,122.315,88.842
303.83,133.234,97.765,173.77,125.186,88.823
304.21,143.657,104.942,190.61,119.769,85.667
304.58,147.482,105.576,188.849,117.626,91.187
304.96,120.684,87.403,159.098,98.134,88.491
305.33,105.891,69.425,136.466,84.712,77.84
305.71,106.465,70.014,137.827,81.431,75.516
306.09,110.967,74.459,138.095,82.684,73.449
306.46,100,73.794,128.422,77.445,67.014
306.84,94.4,74.933,126.8,72.133,62.667
307.21,89.877,77.407,127.284,72.346,61.728
307.59,96.855,79.948,136.173,69.987,65.007
307.96,90.262,84.884,145.349,69.622,62.064
308.34,73.171,74.797,134.417,63.279,61.653
308.72,78.158,71.711,125.789,54.342,66.842
309.09,71.278,67.589,118.05,53.755,62.319
309.47,65.842,65.718,102.723,50.99,53.218
309.84,60.963,63.878,100.38,52.091,44.74
310.22,55.422,63.494,90.241,55.181,48.193
310.59,51.095,63.382,92.944,58.151,43.309
310.97,46.919,69.194,83.886,49.171,42.891
311.34,50.536,71.037,83.671,50.536,43.504
311.72,54.695,78.052,84.272,54.812,40.258
312.09,55.914,82.796,89.785,59.57,45.484
312.47,55.226,81.738,89.439,60.176,43.014
312.84,48.952,80.294,80.189,58.071,49.476
313.22,51.973,89.177,80.045,63.472,49.154
313.59,54.658,86.025,76.915,66.356,48.447
313.97,53.158,81.827,76.093,66.764,49.563
314.34,50.478,80.21,71.893,61.09,44.551
314.72,51.503,83.414,69.738,59.748,44.229
315.09,51.662,81.269,69.386,57.1,42.9
315.47,55.296,81.244,68.027,61.224,45.384
315.84,57.793,84.124,69.797,68.925,46.273
316.22,51.923,84.038,67.788,65.385,43.558
316.59,52.58,81.013,58.325,60.954,35.248
316.97,57.195,79.276,55.928,60.09,41.81
317.34,58.155,75.582,59.646,57.223,40.354
317.71,56.811,78.708,60.848,54.894,42.381
318.09,50.787,74.606,56.201,53.346,37.697
318.46,50.097,74.178,52.611,49.903,35.977
318.84,45.361,74.039,47.798,51.172,39.269
319.21,45.48,75.928,48.716,46.242,38.44
319.59,41.876,71.857,45.648,45.938,37.718
319.96,46.575,76.81,46.477,51.566,38.552
320.34,47.913,75.408,42.831,52.45,42.468
320.71,46.895,70.387,39.514,54.365,43.744
321.08,43.601,73.786,39.1,51.633,46.778
321.46,44.239,72.032,38.083,55.057,52.155
321.83,39.646,69.949,34.764,51.768,52.609
322.21,41.98,67.406,32.167,47.782,51.792
322.58,43.907,72.12,32.805,44.741,58.598
322.95,43.603,72.896,34.343,42.424,58.418
323.33,41.354,76.346,39.315,44.943,59.299
323.7,43.134,78.602,45.072,49.874,61.331
324.08,39.035,78.239,46.486,46.401,60.288
324.45,35.804,83.482,42.054,43.482,64.018
324.82,41.544,84.562,43.018,46.661,66.349
325.2,42.936,90.305,43.49,44.691,65.466
325.57,43.165,96.506,41.11,50.668,66.495
325.94,43.644,99.6,40.741,54.555,63.664
326.32,50.095,97.07,44.14,55.671,62.76
326.69,52.536,96.92,41.123,53.261,56.25
327.07,50.043,94.488,46.339,50.56,51.421
327.44,56.213,101.457,51.414,56.984,55.527
327.81,52.754,102.41,53.27,56.368,54.561
328.19,58.427,101.383,52.982,52.463,51.513
328.56,58.162,97.591,51.204,46.209,44.335
328.93,58.227,99.726,51.92,47.258,40.585
329.31,55.852,109.24,50,48.255,33.265
329.68,56.163,115.93,51.628,50.581,28.372
330.05,56.471,112.235,47.294,45.529,28.118
330.43,55.365,107.534,46.347,44.635,32.534
330.8,57.027,109.524,44.135,42.625,36.237
331.17,50.337,107.865,47.753,45.506,34.157
331.54,47.375,108.051,50.758,39.09,34.656
331.92,51.066,112.296,48.181,33.626,34.755
332.29,55.99,120.933,52.585,30.265,35.813
332.66,54.825,125.594,44.615,22.657,35.524
333.04,51.163,133.798,33.488,18.45,29.147
333.41,62.639,137.361,34.817,25.596,37.838
333.78,61.335,140.528,33.54,24.689,47.981
334.15,66.096,154.281,35.445,19.007,43.493
334.53,79.934,152.138,36.184,27.961,39.803
334.9,83.333,162.795,48.485,27.778,36.195
335.27,85.163,144.214,53.264,42.73,41.395
335.65,83.754,134.174,52.941,36.835,41.877
336.02,91.787,143.084,59.366,44.092,57.349
336.39,91.871,144.939,61.656,48.926,50
336.76,86.261,128.895,53.824,53.541,44.051
337.14,87.836,125.318,50.071,51.202,44.554
337.51,84.519,124.128,45.467,38.215,43.933
337.88,95.157,130.484,50,38.462,49.573
338.25,95.94,125.846,48.579,36.13,46.955
338.62,91.014,113.864,43.132,32.991,44.416
339,93.458,115.888,44.726,31.509,42.59
339.37,100.793,110.172,35.931,32.761,45.839
339.74,107.778,110.139,32.917,35.139,44.861
340.11,103.022,107.83,22.665,30.495,33.791
340.49,105.66,118.868,14.151,25.157,36.478
340.86,104.545,116.234,1.461,17.695,32.955
341.23,93.926,109.481,4.889,25.037,41.185
341.6,96.218,111.195,4.236,24.054,42.663
341.97,88.939,109.716,6.726,25.859,48.879
342.35,97.594,108.824,22.326,30.749,52.674
342.72,106.667,110.533,30.667,35.467,53.067
343.09,112.393,121.795,35.47,35.755,54.843
343.46,118.868,133.333,24.686,39.937,52.516
343.83,125.876,132.721,21.87,47.913,54.925
344.2,136.555,137.258,15.466,47.1,63.445
344.58,153.05,163.216,24.954,46.58,75.416
344.95,155.769,165,23.462,46.923,78.654
345.32,146.416,150.512,16.553,45.051,68.771
345.69,135.843,150.452,22.892,54.669,67.922
346.06,144.127,156.024,26.054,63.102,69.578
346.43,135.598,151.108,36.928,65.14,62.629
346.8,137.409,157.06,38.282,70.015,63.901
347.18,132.357,152.301,41.841,71.548,72.664
347.55,134.503,156.725,34.795,59.649,65.497
347.92,137.385,167.231,33.692,57.385,61.692
348.29,132.106,159.794,31.811,57.585,69.514
348.66,123.71,150.488,37.099,56.067,63.877
349.03,127.914,158.561,38.561,56.547,65.324
349.4,115.579,149.534,42.077,56.591,69.907
349.77,133.489,162.773,32.243,60.903,72.118
350.15,124.714,154.429,40.286,58.714,75.714
350.52,143.361,173.109,37.647,63.697,74.622
350.89,127.803,161.286,33.483,56.203,73.244
351.26,119.973,142.527,29.891,45.652,67.663
351.63,112.983,142.265,23.757,44.613,68.785
352,111.066,134.818,28.34,46.019,73.549
352.37,111.081,119.595,26.081,38.514,63.919
352.74,102.42,123.312,29.809,38.854,67.771
353.11,93.533,111.778,35.912,36.143,60.624
353.48,80.331,106.851,33.37,31.05,55.691
353.85,75.789,92.823,30.431,32.153,52.823
354.22,68.96,85.913,32.432,33.17,54.382
354.59,63.729,82.297,29.662,30.37,50.669
354.97,56.206,74.471,26.939,23.977,45.557
355.34,48.432,60.226,24.592,20.64,36.7
355.71,46.9,58.152,23.651,21.183,33.927
356.08,41.942,53.554,22.923,20.12,30.731
356.45,39.829,45.802,21.868,20.386,29.008
356.82,36.507,40.5,18.677,20.976,26.906
357.19,33.739,37.574,16.999,20.243,25.332
357.56,30.503,34.288,16.288,19.48,25.008
357.93,27.771,31.396,14.679,19.652,22.588
358.3,26.623,30.687,15.057,18.085,20.867
358.67,23.723,30.317,13.956,15.419,21.244
359.04,23.646,28.836,14.508,16.629,20.262
359.41,22.929,27.63,14.582,16.653,19.263
359.78,22.517,27.273,15.527,17.074,19.939
360.15,22.526,25.579,16.333,17.228,19.526
360.52,22.318,24.519,17.297,17.819,20.427
360.89,21.468,24.011,16.714,17.963,20.445
361.26,21.007,23.578,16.168,17.392,20.715
361.63,21.492,23.645,16.506,18.634,21.351
362,21.258,22.344,16.842,18.787,20.972
362.37,21.268,22.533,17.272,19.447,20.99
362.74,21.13,22.476,17.976,20.185,20.986
363.11,21.656,22.973,19.367,20.311,22.114
363.48,22.235,23.352,19.931,20.525,22.403
363.85,22.917,24.191,20.427,21.552,23.124
364.21,23.607,24.717,21.472,22.32,24.47
364.58,24.458,25.822,22.49,23.201,25.578
364.95,25.211,26.351,23.528,24.017,26.097
365.32,26.523,27.255,24.415,25.147,27.242
365.69,27.359,28.563,25.756,26.29,28.41
366.06,28.821,30.143,27.357,27.927,29.534
366.43,30.29,31.589,28.688,29.012,31.153
366.8,32.006,32.72,30.118,30.233,32.485
367.17,33.48,34.042,31.279,31.454,33.44
367.54,34.928,35.558,32.806,32.984,34.983
367.91,36.497,36.851,34.074,34.372,36.063
368.28,37.922,38.159,35.393,35.72,37.61
368.65,38.942,39.183,36.817,36.881,38.683
369.01,40.31,40.462,38.18,38.422,40.081
369.38,41.346,41.697,39.605,39.767,41.368
369.75,42.391,42.564,40.9,40.994,42.412
370.12,43.626,43.669,42.073,42.079,43.481
370.49,44.809,44.595,43.234,43.334,44.756
370.86,45.911,45.393,44.225,44.391,45.652
371.23,47.08,46.22,45.367,45.506,46.458
371.6,48.14,47.283,46.407,46.454,47.598
371.96,48.889,48.074,47.228,47.291,48.507
372.33,49.793,48.929,47.973,48.157,49.345
372.7,50.705,50.04,49.03,49.073,50.305
373.07,51.671,50.932,50.001,50.077,51.189
373.44,52.186,51.712,50.791,50.778,51.72
373.81,53.131,52.681,51.729,51.533,52.549
374.18,53.883,53.528,52.693,52.39,53.429
374.54,54.625,54.297,53.376,53.144,54.28
374.91,55.463,55.062,54.126,53.925,55.036
375.28,56.023,55.735,54.849,54.63,55.692
375.65,56.576,56.438,55.583,55.333,56.344
376.02,57.344,57.34,56.425,56.018,57.087
376.38,58.043,58.033,57.301,56.697,57.82
376.75,58.747,58.785,58.012,57.382,58.524
377.12,59.38,59.63,58.691,58.115,59.239
377.49,59.988,60.275,59.344,58.81,59.906
377.86,60.629,60.996,60.033,59.385,60.593
378.22,61.353,61.677,60.817,60.047,61.357
378.59,62.063,62.388,61.51,60.8,61.957
378.96,62.684,62.956,62.143,61.471,62.583
379.33,63.385,63.6,62.829,62.268,63.25
379.7,63.919,64.168,63.408,62.929,63.87
380.06,64.552,64.782,64.094,63.573,64.42
380.43,65.131,65.361,64.689,64.172,64.994
380.8,65.761,65.89,65.278,64.787,65.705
381.17,66.293,66.471,65.855,65.307,66.107
381.53,66.795,67.051,66.535,65.924,66.671
381.9,67.275,67.52,66.996,66.496,67.231
382.27,67.841,68.157,67.462,67.047,67.701
382.64,68.27,68.665,67.964,67.482,68.198
383,68.815,69.146,68.36,67.967,68.621
383.37,69.252,69.566,68.796,68.349,69.019
383.74,69.651,69.985,69.162,68.792,69.47
384.11,70.071,70.352,69.616,69.145,69.879
384.47,70.369,70.661,69.915,69.439,70.088
384.84,70.671,70.878,70.157,69.848,70.356
385.21,71.009,71.08,70.434,70.251,70.713
385.57,71.349,71.419,70.752,70.551,71.08
385.94,71.631,71.651,71.03,70.904,71.391
386.31,71.847,71.828,71.271,71.142,71.615
386.68,72.107,72.032,71.464,71.402,71.789
387.04,72.286,72.26,71.723,71.616,71.962
387.41,72.534,72.471,71.875,71.856,72.132
387.78,72.786,72.659,72.136,72.049,72.331
388.14,72.945,72.776,72.304,72.216,72.509
388.51,73.171,73.021,72.499,72.461,72.741
388.88,73.459,73.219,72.725,72.675,72.924
389.24,73.623,73.44,72.925,72.858,73.163
389.61,73.845,73.696,73.138,73.046,73.423
389.98,74.029,73.836,73.269,73.252,73.519
390.34,74.268,74.104,73.449,73.469,73.724
390.71,74.506,74.335,73.672,73.679,73.966
391.08,74.754,74.607,73.923,73.9,74.191
391.44,74.957,74.85,74.118,74.156,74.369
391.81,75.137,75.141,74.355,74.392,74.583
392.17,75.422,75.395,74.629,74.67,74.869
392.54,75.712,75.693,74.883,74.906,75.165
392.91,75.944,75.949,75.16,75.163,75.47
393.27,76.267,76.255,75.405,75.505,75.788
393.64,76.537,76.626,75.708,75.785,76.027
394.01,76.894,77.022,76.102,76.055,76.335
394.37,77.12,77.278,76.384,76.29,76.653
394.74,77.457,77.548,76.754,76.61,76.933
395.1,77.772,77.881,77.107,76.933,77.195
395.47,78.128,78.264,77.485,77.267,77.558
395.84,78.622,78.576,77.887,77.678,77.858
396.2,78.984,78.889,78.211,78.003,78.168
396.57,79.44,79.288,78.674,78.354,78.569
396.93,79.856,79.67,79.004,78.735,78.964
397.3,80.222,80.039,79.34,79.044,79.336
397.66,80.617,80.434,79.624,79.401,79.679
398.03,81.117,80.838,80.006,79.797,80.066
398.4,81.511,81.24,80.403,80.181,80.444
398.76,81.979,81.651,80.846,80.582,80.858
399.13,82.399,82.097,81.276,81.001,81.265
399.49,82.827,82.57,81.681,81.378,81.713
399.86,83.37,83.015,82.085,81.799,82.205
400.22,83.773,83.431,82.433,82.193,82.614
400.59,84.23,83.838,82.924,82.644,83.132
400.95,84.662,84.284,83.361,83.072,83.566
401.32,85.124,84.731,83.838,83.549,83.954
401.68,85.597,85.162,84.243,83.99,84.455
402.05,86.106,85.68,84.695,84.428,84.963
402.42,86.532,86.181,85.182,84.936,85.436
402.78,86.929,86.591,85.634,85.365,85.827
403.15,87.473,87.081,86.12,85.869,86.366
403.51,87.958,87.622,86.662,86.375,86.812
403.88,88.474,88.161,87.2,86.937,87.391
404.24,88.915,88.589,87.649,87.354,87.924
404.61,89.331,89.039,88.13,87.817,88.339
404.97,89.691,89.471,88.569,88.216,88.821
405.34,90.149,89.902,89.02,88.671,89.225
405.7,90.696,90.401,89.424,89.113,89.732
406.06,91.136,90.722,89.797,89.471,90.077
406.43,91.529,91.109,90.16,89.835,90.407
406.79,91.983,91.618,90.504,90.208,90.806
407.16,92.405,92.086,90.934,90.646,91.309
407.52,92.708,92.414,91.25,90.914,91.546
407.89,93.017,92.8,91.605,91.185,91.885
408.25,93.308,93.129,91.839,91.454,92.188
408.62,93.493,93.334,92.063,91.717,92.386
408.98,93.832,93.72,92.436,91.987,92.712
409.35,94.067,93.941,92.676,92.173,92.922
409.71,94.245,94.122,92.868,92.335,93.037
410.07,94.405,94.324,93.055,92.486,93.239
410.44,94.751,94.604,93.296,92.708,93.529
410.8,94.905,94.735,93.446,92.916,93.702
411.17,95.085,94.826,93.53,92.907,93.775
411.53,95.262,94.943,93.709,93.081,93.891
411.89,95.408,95.145,93.925,93.259,94.058
412.26,95.434,95.121,93.855,93.19,93.955
412.62,95.54,95.225,93.927,93.24,94.116
412.99,95.615,95.286,93.999,93.38,94.166
413.35,95.714,95.428,94.032,93.61,94.244
413.71,95.751,95.414,94.087,93.702,94.339
414.08,95.816,95.405,94.212,93.749,94.404
414.44,95.974,95.513,94.432,93.864,94.559
414.81,96.089,95.605,94.52,94.016,94.571
415.17,96.191,95.659,94.58,94.079,94.603
415.53,96.345,95.765,94.688,94.129,94.818
415.9,96.42,95.838,94.716,94.16,94.929
416.26,96.48,95.898,94.77,94.132,94.975
416.62,96.619,96.062,94.861,94.193,95.018
416.99,96.658,96.158,94.82,94.157,95.132
417.35,96.817,96.343,94.91,94.262,95.295
417.71,96.92,96.414,94.964,94.24,95.286
418.08,96.915,96.324,94.962,94.22,95.373
418.44,97.025,96.319,94.839,94.123,95.376
418.8,97.05,96.272,94.863,94.124,95.385
419.17,97.062,96.249,94.986,94.115,95.492
419.53,97.047,96.233,94.959,94.23,95.495
419.89,96.911,96.146,95.008,94.068,95.534
420.26,96.924,96.145,94.981,94.071,95.548
420.62,96.865,96.137,94.978,93.943,95.399
420.98,96.829,96.102,94.94,93.985,95.442
421.35,96.942,96.173,95.039,93.972,95.549
421.71,96.974,96.313,95.188,93.926,95.675
422.07,96.924,96.359,95.184,93.725,95.584
422.43,96.818,96.257,95.092,93.642,95.357
422.8,96.773,96.216,95.03,93.57,95.275
423.16,96.843,96.324,95.049,93.617,95.334
423.52,96.845,96.42,95.09,93.581,95.375
423.89,96.81,96.47,95.038,93.535,95.392
424.25,96.847,96.471,95.028,93.442,95.423
424.61,96.793,96.551,95.069,93.395,95.412
424.97,96.855,96.574,95.098,93.329,95.318
425.34,96.838,96.51,95.102,93.291,95.355
425.7,96.761,96.487,95.165,93.327,95.326
426.06,96.658,96.423,95.092,93.37,95.155
426.42,96.658,96.444,95.122,93.505,95.227
426.79,96.637,96.503,95.194,93.579,95.294
427.15,96.537,96.475,95.172,93.511,95.312
427.51,96.542,96.393,95.117,93.473,95.215
427.87,96.469,96.295,95.101,93.407,95.161
428.23,96.619,96.319,95.288,93.451,95.304
428.6,96.671,96.195,95.253,93.445,95.288
428.96,96.629,96.203,95.277,93.431,95.21
429.32,96.653,96.323,95.323,93.562,95.194
429.68,96.742,96.242,95.355,93.621,95.157
430.04,96.726,96.277,95.386,93.568,95.119
430.41,96.845,96.443,95.541,93.681,95.334
430.77,96.682,96.209,95.361,93.671,95.281
431.13,96.757,96.229,95.422,93.771,95.275
431.49,96.78,96.291,95.276,93.745,95.304
431.85,96.753,96.327,95.237,93.689,95.438
432.21,96.836,96.307,95.276,93.764,95.49
432.58,96.756,96.244,95.211,93.797,95.424
432.94,96.742,96.418,95.276,93.832,95.586
433.3,96.674,96.426,95.214,93.923,95.662
433.66,96.509,96.311,95.181,93.822,95.449
434.02,96.49,96.359,95.221,93.889,95.493
434.38,96.52,96.325,95.197,93.904,95.568
434.75,96.432,96.403,95.348,93.952,95.619
435.11,96.446,96.334,95.373,93.994,95.679
435.47,96.388,96.399,95.356,94.064,95.652
435.83,96.373,96.326,95.228,94.014,95.552
436.19,96.375,96.206,95.382,94.03,95.56
436.55,96.277,96.339,95.427,94.114,95.524
436.91,96.312,96.416,95.521,94.249,95.603
437.27,96.237,96.54,95.553,94.315,95.573
437.64,96.149,96.484,95.527,94.26,95.544
438,96.24,96.649,95.574,94.348,95.678
438.36,96.307,96.799,95.697,94.538,95.731
438.72,96.31,96.835,95.813,94.631,95.767
439.08,96.315,96.713,95.759,94.562,95.689
439.44,96.434,96.792,95.764,94.697,95.8
439.8,96.291,96.748,95.706,94.63,95.786
440.16,96.234,96.563,95.629,94.595,95.708
440.52,96.22,96.562,95.57,94.656,95.636
440.88,96.208,96.686,95.681,94.699,95.697
441.24,96.152,96.671,95.621,94.743,95.622
441.6,96.288,96.701,95.806,94.8,95.611
441.96,96.182,96.676,95.821,94.866,95.611
442.32,96.173,96.693,95.899,94.985,95.628
442.69,96.168,96.763,95.902,95.033,95.752
443.05,96.175,96.805,95.933,95.07,95.813
443.41,96.193,96.693,95.91,95.005,95.849
443.77,96.205,96.701,95.927,95.07,95.734
444.13,96.314,96.851,96.116,95.138,95.867
444.49,96.256,96.751,96.066,95.152,95.858
444.85,96.325,96.902,96.243,95.193,95.959
445.21,96.319,96.941,96.293,95.221,95.999
445.57,96.27,96.955,96.202,95.232,96.02
445.93,96.213,96.983,96.235,95.4,96.169
446.29,96.251,96.936,96.256,95.398,96.236
446.65,96.308,97.007,96.236,95.414,96.225
447.01,96.311,96.91,96.088,95.285,96.139
447.37,96.28,96.919,96.157,95.293,96.133
447.73,96.326,96.927,96.153,95.444,96.161
448.09,96.443,97.011,96.292,95.462,96.217
448.45,96.425,96.964,96.245,95.445,96.243
448.81,96.615,97.189,96.478,95.713,96.604
449.17,96.732,97.297,96.548,95.818,96.675
449.53,96.802,97.29,96.603,95.847,96.811
449.88,96.797,97.305,96.6,95.737,96.848
450.24,96.816,97.497,96.637,95.743,96.913
450.6,96.757,97.48,96.64,95.693,96.964
450.96,96.807,97.445,96.635,95.726,96.907
451.32,96.812,97.273,96.561,95.722,96.876
451.68,96.702,97.232,96.456,95.709,96.836
452.04,96.606,97.14,96.462,95.721,96.651
452.4,96.63,97.174,96.487,95.687,96.589
452.76,96.595,97.135,96.311,95.687,96.589
453.12,96.477,97.06,96.356,95.669,96.574
453.48,96.493,97.05,96.398,95.69,96.534
453.84,96.441,96.872,96.346,95.568,96.454
454.2,96.478,96.934,96.435,95.659,96.587
454.56,96.505,97.065,96.451,95.674,96.648
454.91,96.438,97.144,96.488,95.798,96.627
455.27,96.476,97.118,96.476,95.757,96.555
455.63,96.385,96.999,96.324,95.711,96.412
455.99,96.407,96.932,96.251,95.567,96.347
456.35,96.611,97.074,96.321,95.736,96.432
456.71,96.649,97.056,96.401,95.764,96.408
457.07,96.749,97.072,96.315,95.948,96.543
457.43,96.676,97.117,96.287,95.89,96.457
457.78,96.532,96.958,96.218,95.938,96.321
458.14,96.455,96.889,96.148,95.9,96.281
458.5,96.481,96.902,96.185,96.026,96.311
458.86,96.468,97.038,96.338,96.106,96.502
459.22,96.566,97.061,96.349,96.192,96.448
459.58,96.596,97.016,96.386,96.227,96.456
459.94,96.568,96.951,96.403,96.406,96.551
460.29,96.587,96.797,96.349,96.372,96.384
460.65,96.41,96.795,96.516,96.521,96.533
461.01,96.346,96.713,96.415,96.593,96.512
461.37,96.227,96.707,96.522,96.723,96.652
461.73,96.258,96.72,96.491,96.685,96.708
462.08,96.391,96.9,96.578,96.689,96.871
462.44,96.517,96.954,96.654,96.636,97.004
462.8,96.476,96.934,96.616,96.528,96.837
463.16,96.479,96.844,96.613,96.398,96.844
463.52,96.683,96.86,96.681,96.561,96.928
463.87,96.594,96.759,96.599,96.508,96.898
464.23,96.547,96.78,96.521,96.618,96.983
464.59,96.532,96.847,96.433,96.639,96.951
464.95,96.505,96.892,96.505,96.626,96.927
465.31,96.5,96.911,96.54,96.711,96.903
465.66,96.406,96.803,96.455,96.552,96.905
466.02,96.45,96.946,96.512,96.558,96.941
466.38,96.565,96.958,96.544,96.604,96.88
466.74,96.531,96.672,96.419,96.369,96.594
467.09,96.644,96.793,96.635,96.58,96.582
467.45,96.604,96.837,96.677,96.428,96.489
467.81,96.667,97.064,96.992,96.512,96.662
468.17,96.725,96.997,97.106,96.569,96.591
468.52,96.605,96.919,96.946,96.503,96.559
468.88,96.565,97.041,96.973,96.422,96.645
469.24,96.662,97.026,96.989,96.372,96.541
469.59,96.638,97.078,97.047,96.36,96.457
469.95,96.812,97.234,97.243,96.529,96.71
470.31,96.843,97.344,97.244,96.584,96.728
470.67,96.793,97.377,97.38,96.659,96.706
471.02,96.725,97.331,97.359,96.626,96.665
471.38,96.71,97.422,97.397,96.636,96.615
471.74,96.767,97.343,97.356,96.484,96.562
472.09,96.859,97.546,97.516,96.638,96.725
472.45,96.882,97.689,97.401,96.686,96.658
472.81,96.921,97.625,97.495,96.648,96.778
473.16,96.906,97.666,97.449,96.606,96.645
473.52,96.938,97.643,97.315,96.557,96.622
473.88,97.033,97.63,97.419,96.58,96.685
474.23,97.118,97.517,97.442,96.531,96.697
474.59,97.225,97.429,97.377,96.426,96.655
474.95,97.241,97.334,97.237,96.401,96.622
475.3,97.232,97.425,97.327,96.482,96.739
475.66,97.069,97.236,97.178,96.265,96.671
476.02,97.264,97.295,97.251,96.447,96.794
476.37,97.228,97.308,97.107,96.467,96.848
476.73,97.135,97.191,97.08,96.275,96.808
477.09,97.181,97.146,97.005,96.278,96.841
477.44,97.464,97.255,97.209,96.226,97.017
477.8,97.488,97.3,96.985,96.338,97.09
478.15,97.608,97.35,97.075,96.386,97.103
478.51,97.704,97.367,97.082,96.295,96.942
478.87,97.567,97.327,97.018,96.125,96.648
479.22,97.66,97.382,96.969,96.22,96.709
479.58,97.761,97.464,97.09,96.342,96.808
479.93,97.76,97.459,97.034,96.302,96.897
480.29,97.75,97.366,96.925,96.197,96.807
480.65,97.924,97.582,96.969,96.235,96.854
481,97.93,97.547,96.871,96.19,96.805
481.36,98.076,97.613,96.847,96.174,96.835
481.71,98.195,97.62,96.942,96.239,96.869
482.07,98.366,97.763,97.104,96.318,96.799
482.42,98.296,97.768,96.956,96.273,96.699
482.78,98.257,97.736,97.004,96.258,96.759
483.14,98.144,97.779,97.131,96.278,96.683
483.49,98.048,97.721,96.935,96.205,96.605
483.85,97.861,97.645,96.786,96.094,96.497
484.2,97.831,97.684,96.791,96.138,96.55
484.56,97.816,97.736,96.762,96.226,96.53
484.91,97.906,97.831,96.836,96.249,96.451
485.27,97.88,97.712,96.885,96.214,96.389
485.62,97.801,97.683,96.864,96.286,96.292
485.98,97.758,97.598,96.773,96.251,96.219
486.33,97.736,97.535,96.802,96.277,96.222
486.69,97.82,97.572,96.75,96.293,96.09
487.04,97.87,97.733,96.803,96.357,96.188
487.4,97.861,97.821,96.892,96.353,96.294
487.75,97.776,97.79,96.856,96.292,96.176
488.11,97.825,97.87,96.829,96.249,96.282
488.46,97.774,97.771,96.799,96.217,96.251
488.82,97.845,97.807,96.905,96.262,96.241
489.17,97.976,97.848,96.96,96.366,96.314
489.53,97.919,97.933,96.967,96.558,96.398
489.88,97.854,97.88,96.933,96.572,96.362
490.24,97.729,97.789,96.877,96.47,96.132
490.59,97.747,97.773,96.8,96.472,96.159
490.95,97.766,97.682,96.783,96.394,96.091
491.3,97.746,97.778,96.824,96.425,96.103
491.65,97.783,97.864,96.898,96.478,96.186
492.01,97.868,97.886,96.97,96.583,96.264
492.36,97.662,97.773,96.873,96.477,96.109
492.72,97.573,97.663,96.759,96.332,96.081
493.07,97.633,97.703,96.796,96.305,96.111
493.43,97.715,97.619,96.776,96.255,96.097
493.78,97.783,97.709,96.878,96.276,96.19
494.13,97.933,97.796,96.94,96.394,96.235
494.49,97.873,97.743,96.988,96.253,96.113
494.84,97.861,97.731,96.773,96.168,95.997
495.2,97.907,97.834,96.802,96.158,96.122
495.55,97.874,97.888,96.818,96.105,96.108
495.9,97.952,97.797,96.864,95.904,96.031
496.26,97.984,97.843,96.964,96.044,96.26
496.61,98.095,97.843,96.828,95.928,96.007
496.97,98.177,97.737,96.857,95.911,96.006
497.32,98.239,97.81,96.677,95.997,96.04
497.67,98.138,97.756,96.661,96.092,95.918
498.03,98.169,97.597,96.536,96.028,95.768
498.38,98.244,97.563,96.554,96.083,95.784
498.73,98.334,97.605,96.592,96.162,95.947
499.09,98.403,97.67,96.621,96.202,95.963
499.44,98.325,97.685,96.589,96.252,95.94
499.79,98.414,97.781,96.682,96.299,95.994
500.15,98.527,97.812,96.809,96.34,96.128
500.5,98.494,97.695,96.841,96.322,96.092
500.85,98.555,97.727,96.826,96.34,96.16
501.21,98.58,97.706,96.752,96.243,96.274
501.56,98.696,97.694,96.804,96.228,96.319
501.91,98.658,97.611,96.752,96.122,96.279
502.27,98.577,97.56,96.65,96.038,96.4
502.62,98.648,97.677,96.685,96.135,96.53
502.97,98.684,97.81,96.603,95.981,96.57
503.33,98.804,97.857,96.636,96.148,96.719
503.68,98.794,97.702,96.525,96.103,96.607
504.03,98.713,97.616,96.408,96.017,96.514
504.38,98.731,97.562,96.348,95.882,96.398
504.74,98.796,97.506,96.394,95.947,96.343
505.09,98.641,97.333,96.364,95.829,96.322
505.44,98.593,97.158,96.18,95.672,96.199
505.8,98.382,97.054,95.967,95.59,96.103
506.15,98.325,97.007,95.987,95.565,96.07
506.5,98.218,96.968,95.86,95.454,95.958
506.85,98.31,96.983,95.813,95.47,96.037
507.21,98.337,96.921,95.744,95.441,95.922
507.56,98.331,96.978,95.815,95.46,95.945
507.91,98.269,96.942,95.783,95.381,95.946
508.26,98.224,96.785,95.815,95.309,95.875
508.61,98.18,96.722,95.704,95.296,95.769
508.97,98.201,96.649,95.714,95.238,95.793
509.32,98.274,96.579,95.717,95.166,95.878
509.67,98.23,96.704,95.697,95.13,95.94
510.02,98.211,96.736,95.697,95.226,95.899
510.38,98.099,96.672,95.725,95.179,95.858
510.73,98.027,96.625,95.699,95.05,95.822
511.08,98.021,96.573,95.646,94.934,95.709
511.43,98.099,96.649,95.743,94.98,95.629
511.78,97.988,96.598,95.746,94.809,95.504
512.14,98.038,96.601,95.894,94.767,95.474
512.49,97.983,96.618,95.967,94.761,95.451
512.84,97.906,96.456,95.969,94.681,95.204
513.19,97.761,96.448,95.817,94.674,95.14
513.54,97.615,96.48,95.945,94.581,95.087
513.89,97.671,96.527,95.871,94.567,94.985
514.25,97.691,96.58,95.938,94.531,95.127
514.6,97.966,96.66,96.018,94.652,95.292
514.95,97.998,96.649,96.103,94.632,95.305
515.3,97.839,96.61,96.006,94.637,95.202
515.65,97.788,96.508,96.015,94.662,95.146
516,97.76,96.525,95.989,94.621,95.126
516.35,97.677,96.461,95.975,94.647,95.131
516.71,97.598,96.38,95.897,94.615,95.153
517.06,97.495,96.282,95.918,94.628,95.093
517.41,97.478,96.324,95.874,94.685,95.129
517.76,97.488,96.18,95.788,94.514,95.194
518.11,97.542,96.138,95.899,94.612,95.331
518.46,97.597,96.209,95.869,94.634,95.235
518.81,97.685,96.253,95.838,94.698,95.286
519.16,97.672,96.16,95.779,94.645,95.153
519.51,97.761,96.206,95.892,94.733,95.276
519.86,97.69,96.23,95.884,94.663,95.272
520.22,97.635,96.033,95.875,94.466,95.205
520.57,97.5,95.864,95.787,94.292,95.126
520.92,97.468,96.021,95.868,94.393,95.249
521.27,97.528,96.156,95.942,94.368,95.389
521.62,97.481,96.152,95.953,94.333,95.514
521.97,97.534,96.134,95.933,94.367,95.372
522.32,97.535,96.102,96.029,94.393,95.41
522.67,97.475,95.97,95.99,94.266,95.349
523.02,97.368,95.941,95.888,94.171,95.29
523.37,97.495,96.006,95.996,94.244,95.497
523.72,97.512,95.919,95.93,94.354,95.456
524.07,97.698,96.14,96.036,94.426,95.618
524.42,97.594,96.063,95.992,94.402,95.573
524.77,97.624,96.089,95.936,94.361,95.52
525.12,97.717,95.907,95.804,94.128,95.458
525.47,97.918,96.001,95.868,94.269,95.533
525.82,97.869,96.031,95.815,94.224,95.557
526.17,97.799,96.03,95.933,94.122,95.54
526.52,97.797,96.018,96.048,94.218,95.603
526.87,97.909,95.851,95.953,94.181,95.631
527.22,97.902,95.787,95.971,94.143,95.609
527.57,97.728,95.873,95.996,94.104,95.596
527.92,97.749,95.722,95.894,94.126,95.655
528.27,97.79,95.908,95.951,94.239,95.784
528.62,97.797,95.833,96.042,94.204,95.735
528.97,97.879,95.948,96.09,94.2,95.765
529.32,97.786,95.838,95.936,93.993,95.723
529.67,97.569,95.701,95.909,93.814,95.673
530.02,97.621,95.767,95.883,93.946,95.828
530.37,97.56,95.718,96.01,93.981,95.83
530.72,97.693,95.816,96.191,94.091,95.899
531.07,97.675,95.72,96.103,94.095,95.906
531.42,97.78,95.971,96.159,94.363,95.937
531.77,97.747,95.915,96.062,94.185,95.724
532.12,97.86,95.956,96.372,94.469,95.902
532.47,97.969,96.052,96.514,94.483,95.961
532.81,98.035,95.956,96.621,94.405,95.866
533.16,98.321,96.254,96.732,94.412,96.13
533.51,98.278,96.311,96.766,94.455,96.166
533.86,98.307,96.433,96.742,94.387,96.204
534.21,98.191,96.374,96.811,94.358,96.101
534.56,98.216,96.208,96.648,94.189,95.934
534.91,98.192,96.078,96.558,93.95,95.804
535.26,98.168,96.13,96.598,94.032,95.953
535.61,98.128,96.133,96.448,93.95,95.797
535.96,98.044,96.187,96.455,93.879,95.841
536.3,98.056,96.157,96.34,93.841,95.697
536.65,98.07,96.135,96.407,93.885,95.524
537,98.088,96.184,96.449,94.069,95.566
537.35,98.06,96.15,96.309,94.071,95.522
537.7,98.092,96.146,96.395,94.163,95.404
538.05,97.991,96.182,96.533,94.251,95.448
538.4,97.908,96.024,96.426,94.178,95.318
538.74,97.866,96.037,96.271,94.161,95.222
539.09,97.721,95.94,96.099,93.974,95.099
539.44,97.84,96.179,96.198,94.127,95.363
539.79,97.92,96.408,96.515,94.461,95.578
540.14,97.962,96.507,96.564,94.567,95.767
540.48,98.041,96.592,96.534,94.599,95.834
540.83,98.089,96.786,96.633,94.707,95.968
541.18,98.351,96.859,96.722,94.809,96.085
541.53,98.447,96.764,96.673,94.748,96.144
541.88,98.498,96.716,96.8,94.74,96.225
542.23,98.398,96.73,96.71,94.612,96.099
542.57,98.384,96.731,96.811,94.663,96.234
542.92,98.294,96.648,96.78,94.636,96.349
543.27,98.27,96.628,96.761,94.576,96.278
543.62,98.19,96.555,96.678,94.573,96.453
543.96,98.15,96.676,96.715,94.649,96.4
544.31,98.045,96.601,96.482,94.555,96.316
544.66,97.999,96.564,96.528,94.574,96.196
545.01,98.147,96.443,96.484,94.703,96.106
545.35,97.957,96.359,96.372,94.613,96.062
545.7,97.945,96.282,96.313,94.616,96.108
546.05,97.878,96.31,96.302,94.615,96.068
546.4,97.949,96.254,96.372,94.689,96.152
546.74,97.971,96.384,96.365,94.807,96.179
547.09,97.81,96.218,96.323,94.765,96.133
547.44,97.642,96.126,96.081,94.618,96.097
547.79,97.818,96.223,96.146,94.801,96.173
548.13,97.814,96.421,96.155,94.922,96.259
548.48,97.69,96.257,96.017,94.873,96.127
548.83,97.862,96.313,95.994,95.074,96.273
549.17,97.622,96.064,95.949,94.789,96.35
549.52,97.32,95.772,95.622,94.733,96.155
549.87,97.084,95.736,95.749,94.849,96.128
550.22,97.43,95.783,95.877,94.874,96.241
550.56,97.316,95.615,95.833,94.787,96.124
550.91,97.454,95.576,95.8,94.559,95.862
551.26,97.247,95.468,95.822,94.669,95.82
551.6,97.242,95.358,95.867,94.712,95.91
551.95,97.173,95.363,95.809,94.651,95.806
552.3,97.042,95.346,95.683,94.669,95.84
552.64,97.049,95.292,95.848,94.839,95.788
552.99,96.851,95.287,95.751,94.79,95.748
553.33,96.727,95.383,95.697,94.883,95.651
553.68,96.689,95.426,95.601,94.879,95.677
554.03,96.664,95.235,95.561,94.787,95.733
554.37,96.818,95.447,95.795,94.751,95.891
554.72,96.899,95.468,95.767,94.785,95.951
555.07,96.829,95.365,95.586,94.664,95.679
555.41,96.738,95.466,95.705,94.779,95.727
555.76,96.779,95.618,95.895,95.003,96.087
556.11,96.801,95.525,95.874,94.878,96.041
556.45,96.668,95.361,95.646,94.676,95.797
556.8,96.821,95.426,95.813,94.664,95.826
557.14,97.039,95.485,95.937,94.715,95.828
557.49,97.107,95.521,95.743,94.667,95.88
557.83,97.113,95.404,95.748,94.679,95.852
558.18,97.342,95.208,95.655,94.639,95.787
558.53,97.597,95.268,95.873,94.767,95.697
558.87,97.451,95.173,95.941,94.562,95.685
559.22,97.296,95.077,95.92,94.524,95.518
559.56,97.497,95.041,96.064,94.666,95.483
559.91,97.488,94.98,96.04,94.746,95.44
560.25,97.354,95.022,96.061,94.724,95.339
560.6,97.105,94.944,96.027,94.555,95.344
560.95,97.258,95.12,96.2,94.673,95.471
561.29,97.253,95.211,96.059,94.67,95.297
561.64,97.372,95.28,96.063,94.667,95.202
561.98,97.288,95.456,96.173,94.748,95.306
562.33,97.29,95.496,96.155,94.708,95.3
562.67,97.36,95.428,96.064,94.487,95.341
563.02,97.42,95.592,96.136,94.424,95.213
563.36,97.446,95.489,96.071,94.392,95.114
563.71,97.306,95.361,95.96,94.207,95.121
564.05,97.139,95.209,95.999,94.309,95.062
564.4,97.304,95.633,96.233,94.548,95.384
564.74,97.481,95.779,96.359,94.71,95.443
565.09,97.519,95.77,96.381,94.694,95.44
565.43,97.621,95.703,96.397,94.671,95.518
565.78,97.331,95.419,96.277,94.371,95.308
566.12,97.281,95.514,96.383,94.35,95.265
566.47,97.047,95.427,96.21,94.098,95.273
566.81,97.089,95.595,96.314,94.156,95.426
567.16,97.061,95.743,96.055,93.901,95.456
567.5,96.786,95.731,95.905,93.756,95.31
567.84,96.862,95.874,96.183,93.695,95.376
568.19,96.69,95.612,96.241,93.625,94.983
568.53,96.74,95.766,96.397,93.641,95.135
568.88,96.752,95.701,96.327,93.661,95.036
569.22,96.874,95.758,96.211,93.66,94.976
569.57,96.752,95.966,96.211,93.703,94.998
569.91,96.788,96.104,96.271,93.854,95.05
570.26,96.913,96.026,96.259,93.718,94.913
570.6,96.884,96.065,96.435,93.794,94.93
570.94,97.132,96.18,96.461,93.917,95.07
571.29,97.221,96.147,96.495,94.123,95.313
571.63,97.026,96.104,96.274,94.216,95.386
571.98,96.962,96.003,96.18,93.957,95.274
572.32,96.85,96.09,96.386,94.021,95.487
572.66,96.833,96.044,96.484,93.987,95.612
573.01,96.723,95.768,96.187,93.846,95.39
573.35,96.918,95.852,96.411,94.095,95.475
573.69,96.57,95.537,96.308,93.695,95.407
574.04,96.742,95.716,96.561,94.052,95.649
574.38,96.794,95.591,96.516,94.046,95.57
574.73,96.78,95.543,96.398,93.924,95.532
575.07,96.718,95.419,96.334,93.896,95.321
575.41,96.792,95.511,96.443,93.953,95.297
575.76,96.831,95.371,96.417,93.84,95.062
576.1,96.846,95.531,96.45,93.801,94.993
576.44,96.699,95.571,96.4,93.938,94.747
576.79,96.846,95.739,96.478,94.11,94.72
577.13,96.893,95.606,96.483,94.157,94.763
577.47,96.886,95.708,96.382,94.288,94.772
577.82,96.986,95.797,96.365,94.394,94.849
578.16,97.066,95.895,96.712,94.509,95.033
578.5,97.245,96.199,96.851,94.538,95.035
578.84,97.241,96.033,96.851,94.469,95.151
579.19,97.434,96.129,97.038,94.749,95.228
579.53,97.71,96.26,97.172,94.923,95.44
579.87,97.597,96.257,97.087,94.887,95.46
580.22,97.592,96.391,97.12,94.881,95.507
580.56,97.589,96.581,97.147,94.915,95.428
580.9,97.624,96.695,97.219,95.091,95.593
581.24,97.659,96.766,97.269,95.039,95.649
581.59,97.742,96.727,97.328,95.038,95.797
581.93,97.959,96.949,97.289,95.213,95.915
582.27,97.994,97.025,97.391,95.303,95.949
582.62,98.003,96.888,97.264,95.243,95.889
582.96,98.17,96.868,97.365,95.245,96.064
583.3,98.162,96.851,97.514,95.298,96.128
583.64,98.162,96.847,97.6,95.353,96.179
583.98,98.142,96.839,97.606,95.503,96.087
584.33,98.16,96.867,97.715,95.539,96.106
584.67,98.347,96.949,97.671,95.486,96.142
585.01,98.118,96.949,97.745,95.494,96.029
585.35,98.248,97.075,97.773,95.472,96.179
585.7,98.049,97.1,97.775,95.487,96.16
586.04,98.194,97.141,97.747,95.548,96.211
586.38,98.165,97.075,97.698,95.476,96.079
586.72,98.141,96.937,97.764,95.444,96.09
587.06,98.299,97.043,98.009,95.576,96.083
587.41,98.251,96.984,97.891,95.198,96.095
587.75,98.257,96.963,97.911,95.238,96.071
588.09,98.331,96.988,98.005,95.163,96.083
588.43,98.282,96.848,98.003,95.155,96.108
588.77,98.357,96.975,98.021,95.284,96.282
589.11,98.244,96.958,97.993,95.288,96.329
589.46,98.048,96.93,97.962,95.173,96.142
589.8,98.078,96.904,98.083,95.215,96.283
590.14,98.233,97.041,98.048,95.312,96.301
590.48,98.211,96.873,97.789,95.291,95.991
590.82,98.179,96.827,97.568,95.264,95.924
591.16,98.392,96.724,97.65,95.344,96.073
591.5,98.412,96.845,97.593,95.479,96.024
591.85,98.209,97.025,97.721,95.529,96.226
592.19,98.109,97.125,97.848,95.628,96.286
592.53,98.067,97.329,97.838,95.789,96.324
592.87,97.852,97.51,97.873,95.863,96.345
593.21,97.544,97.531,97.727,95.793,96.355
593.55,97.661,97.6,97.788,95.861,96.394
593.89,97.765,97.648,97.8,95.823,96.585
594.23,97.487,97.729,97.665,95.713,96.621
594.57,97.37,97.77,97.711,95.593,96.714
594.91,97.385,97.972,97.783,95.731,96.917
595.25,97.37,98.229,97.964,95.821,97.012
595.6,97.158,97.946,97.692,95.75,96.784
595.94,97.26,97.887,97.897,95.808,96.994
596.28,97.214,97.958,97.955,95.7,97.174
596.62,97.189,97.747,97.89,95.6,96.995
596.96,97.081,97.568,97.73,95.462,96.858
597.3,97.588,97.991,98.216,96,97.164
597.64,97.595,98.018,98.389,96.154,97.388
597.98,97.573,98.057,98.567,96.328,97.343
598.32,97.598,98.252,98.661,96.638,97.337
598.66,97.701,98.354,98.514,96.723,97.37
599,97.706,98.343,98.411,96.692,97.216
599.34,97.749,98.397,98.41,96.593,97.222
599.68,97.702,98.406,98.471,96.703,97.356
600.02,97.723,98.369,98.504,96.713,97.351
600.36,97.662,98.307,98.302,96.768,97.369
600.7,97.587,98.231,98.175,96.695,97.26
601.04,97.716,98.077,98.173,96.654,97.093
601.38,97.666,98.007,98.204,96.651,97.065
601.72,97.596,97.857,98.233,96.742,97.101
602.06,97.714,97.919,98.261,96.735,97.115
602.4,97.489,97.824,98.048,96.688,97.03
602.74,97.355,98.012,98.037,96.717,97.121
603.08,97.195,97.921,98.014,96.603,96.899
603.42,96.982,97.871,97.929,96.433,96.807
603.76,96.913,97.956,97.915,96.419,96.932
604.1,96.902,97.9,98.161,96.617,97.139
604.44,97.01,97.834,98.133,96.554,97.133
604.78,96.949,97.849,98.066,96.577,97.114
605.12,96.964,97.84,97.917,96.553,96.943
605.46,96.654,97.71,97.837,96.413,96.738
605.8,96.497,97.671,97.871,96.221,96.667
606.13,96.656,97.808,97.906,96.287,96.749
606.47,96.614,97.819,98.036,96.46,96.928
606.81,96.539,97.693,97.769,96.377,96.7
607.15,96.458,97.755,97.824,96.474,96.672
607.49,96.483,97.899,97.894,96.523,96.819
607.83,96.503,97.9,97.948,96.543,96.947
608.17,96.791,98.304,98.07,96.874,97.135
608.51,96.856,98.313,97.973,96.801,97.141
608.85,96.671,98.399,98.077,96.742,97.134
609.19,96.535,98.265,97.945,96.688,97.062
609.52,96.585,98.258,97.874,96.76,97.263
609.86,96.666,98.226,97.769,96.922,97.247
610.2,96.681,98.197,97.816,97.243,97.39
610.54,96.612,97.964,97.767,97.155,97.297
610.88,96.744,98.095,97.774,97.082,97.352
611.22,96.732,98.02,97.623,97.035,97.442
611.56,96.745,98.055,97.628,97.049,97.273
611.89,96.866,98.081,97.751,97.156,97.296
612.23,96.786,98.083,97.792,97.17,97.351
612.57,96.825,98.009,97.675,97.165,97.385
612.91,96.856,98.02,97.708,97.318,97.45
613.25,96.876,98.036,97.616,97.251,97.399
613.59,96.76,97.964,97.645,97.075,97.423
613.92,96.489,97.909,97.493,96.981,97.205
614.26,96.522,97.87,97.421,96.924,97.073
614.6,96.474,97.702,97.35,96.792,96.976
614.94,96.516,97.737,97.476,96.888,97.137
615.28,96.517,97.56,97.531,96.851,96.992
615.61,96.446,97.575,97.445,96.879,96.897
615.95,96.395,97.596,97.477,96.824,96.87
616.29,96.348,97.58,97.434,96.779,96.729
616.63,96.456,97.679,97.525,96.774,96.74
616.96,96.411,97.725,97.624,96.771,96.736
617.3,96.315,97.657,97.596,96.761,96.645
617.64,96.328,97.677,97.568,96.844,96.572
617.98,96.278,97.545,97.356,96.713,96.361
618.32,96.235,97.499,97.287,96.591,96.351
618.65,96.277,97.674,97.236,96.602,96.394
618.99,96.167,97.564,97.233,96.671,96.481
619.33,95.993,97.308,97.039,96.552,96.34
619.66,95.945,97.128,97.072,96.579,96.267
620,96.027,97.092,97.072,96.681,96.431
620.34,95.969,97.076,96.997,96.555,96.405
620.68,96.007,97.215,97.103,96.605,96.436
621.01,95.979,97.368,97.138,96.695,96.439
621.35,95.948,97.379,97.062,96.65,96.401
621.69,95.913,97.475,96.998,96.714,96.28
622.02,95.945,97.474,96.952,96.733,96.251
622.36,96.072,97.46,96.918,96.702,96.232
622.7,96.167,97.408,97.035,96.683,96.193
623.04,96.096,97.268,96.949,96.648,96.193
623.37,96.002,97.179,96.908,96.766,96.103
623.71,96.133,97.071,96.846,96.776,96.24
624.05,96.147,97.061,96.825,96.859,96.206
624.38,96.118,96.98,96.804,96.767,96.244
624.72,96.21,97.001,96.865,96.784,96.377
625.06,96.341,96.976,96.889,96.862,96.362
625.39,96.241,97.005,96.846,96.755,96.267
625.73,96.147,96.892,96.86,96.67,96.215
626.07,96.172,96.76,96.714,96.512,96.189
626.4,96.22,96.8,96.802,96.538,96.278
626.74,96.262,96.892,96.894,96.523,96.374
627.07,96.326,96.907,96.883,96.531,96.457
627.41,96.365,96.873,96.873,96.451,96.459
627.75,96.39,96.88,96.8,96.369,96.489
628.08,96.39,96.905,96.817,96.475,96.427
628.42,96.52,96.86,96.818,96.392,96.433
628.75,96.383,96.707,96.659,96.281,96.346
629.09,96.478,96.679,96.755,96.372,96.377
629.43,96.593,96.72,96.728,96.439,96.36
629.76,96.666,96.749,96.833,96.49,96.413
630.1,96.672,96.796,96.823,96.577,96.364
630.43,96.651,96.775,96.762,96.633,96.306
630.77,96.676,96.891,96.805,96.652,96.297
631.11,96.712,96.961,96.928,96.798,96.382
631.44,96.593,96.834,96.877,96.764,96.241
631.78,96.705,96.961,97.018,96.805,96.271
632.11,96.716,96.933,96.927,96.819,96.294
632.45,96.7,96.879,96.805,96.701,96.281
632.78,96.638,96.796,96.805,96.648,96.26
633.12,96.647,96.741,96.817,96.599,96.246
633.45,96.737,96.698,96.824,96.621,96.261
633.79,96.776,96.766,96.789,96.614,96.223
634.12,96.852,96.784,96.813,96.648,96.201
634.46,96.899,96.834,96.93,96.632,96.262
634.79,96.932,96.905,96.977,96.654,96.285
635.13,96.929,96.967,96.961,96.718,96.399
635.47,96.953,96.995,97.005,96.782,96.446
635.8,97.009,97.043,97.042,96.795,96.489
636.14,97.051,97.092,97.062,96.851,96.574
636.47,97.114,97.099,97.082,96.883,96.594
636.8,97.101,97.076,97.093,96.895,96.616
637.14,97.144,97.09,97.117,96.986,96.697
637.47,97.216,97.149,97.169,97.044,96.741
637.81,97.198,97.116,97.166,97.044,96.676
638.14,97.189,97.135,97.127,97.035,96.663
638.48,97.095,97.136,97.125,97.061,96.682
638.81,96.932,97.004,97.045,96.981,96.572
639.15,96.966,96.99,97.046,96.993,96.612
639.48,97.006,97.043,97.044,97.007,96.683
639.82,97.025,97.077,97.082,96.999,96.666
640.15,96.988,97.001,97.101,96.966,96.696
640.49,97.006,96.995,97.047,96.922,96.62
640.82,97.004,97.069,97.096,96.976,96.691
641.15,97.075,97.085,97.096,96.962,96.771
641.49,97.052,97.062,97.066,96.953,96.683
641.82,96.974,97.015,96.925,96.911,96.646
642.16,96.968,96.934,96.927,96.821,96.61
642.49,96.931,96.893,96.963,96.874,96.558
642.82,96.928,96.828,96.901,96.886,96.546
643.16,96.951,96.803,96.963,96.884,96.537
643.49,96.916,96.78,97.014,96.867,96.465
643.83,96.854,96.739,96.972,96.791,96.395
644.16,96.809,96.789,96.935,96.672,96.392
644.49,96.832,96.902,96.962,96.707,96.451
644.83,96.785,96.757,96.875,96.638,96.388
645.16,96.729,96.748,96.864,96.59,96.315
645.49,96.71,96.783,96.924,96.601,96.354
645.83,96.697,96.8,96.891,96.526,96.315
646.16,96.602,96.777,96.864,96.449,96.202
646.49,96.528,96.666,96.76,96.402,96.082
646.83,96.477,96.561,96.724,96.275,96.045
647.16,96.49,96.556,96.799,96.269,96.036
647.49,96.52,96.569,96.791,96.286,96.023
647.83,96.539,96.534,96.787,96.306,96.001
648.16,96.564,96.594,96.922,96.388,96.06
648.49,96.593,96.599,96.976,96.423,96.097
648.83,96.648,96.593,96.949,96.461,96.111
649.16,96.653,96.67,96.907,96.44,96.073
649.49,96.689,96.685,96.921,96.491,96.117
649.83,96.693,96.616,96.88,96.438,96.098
650.16,96.657,96.602,96.877,96.393,96.163
650.49,96.665,96.579,96.886,96.425,96.228
650.83,96.671,96.638,96.862,96.444,96.249
651.16,96.657,96.654,96.859,96.459,96.276
651.49,96.675,96.659,96.894,96.406,96.316
651.82,96.692,96.713,96.974,96.432,96.376
652.16,96.737,96.728,97.01,96.496,96.397
652.49,96.727,96.654,97.046,96.527,96.41
652.82,96.756,96.718,97.057,96.474,96.389
653.15,96.75,96.777,97.038,96.457,96.44
653.49,96.798,96.939,97.086,96.513,96.488
653.82,96.79,97.003,97.126,96.531,96.466
654.15,96.76,97.011,97.12,96.521,96.434
654.48,96.743,96.956,97.065,96.495,96.386
654.82,96.755,96.869,97.061,96.453,96.375
655.15,96.731,96.842,97.053,96.42,96.393
655.48,96.71,96.757,97.048,96.357,96.399
655.81,96.703,96.715,97.095,96.378,96.408
656.14,96.7,96.728,97.108,96.405,96.428
656.48,96.62,96.749,97.021,96.377,96.451
656.81,96.581,96.756,97.035,96.327,96.358
657.14,96.681,96.786,97.078,96.296,96.434
657.47,96.633,96.873,97.143,96.302,96.358
657.8,96.637,96.89,97.136,96.293,96.381
658.13,96.601,96.883,97.09,96.266,96.285
658.47,96.55,96.944,97.177,96.268,96.26
658.8,96.506,97.031,97.192,96.189,96.233
659.13,96.512,97.118,97.226,96.282,96.335
659.46,96.577,97.163,97.171,96.378,96.367
659.79,96.591,97.198,97.236,96.444,96.311
660.12,96.599,97.096,97.155,96.373,96.172
660.46,96.605,97.006,97.159,96.361,96.202
660.79,96.588,97.044,97.217,96.328,96.144
661.12,96.653,97.069,97.225,96.409,96.173
661.45,96.624,97.074,97.256,96.378,96.099
661.78,96.652,96.985,97.24,96.284,96.086
662.11,96.621,97.051,97.296,96.416,96.127
662.44,96.78,97.249,97.363,96.491,96.188
662.77,96.714,97.23,97.236,96.394,96.114
663.11,96.61,97.094,97.22,96.323,96.103
663.44,96.547,97.091,97.19,96.256,96.096
663.77,96.491,97.033,97.143,96.122,96.069
664.1,96.545,97.053,97.134,96.022,96.141
664.43,96.465,96.944,96.996,95.999,96.161
664.76,96.38,96.869,96.908,95.801,96.048
665.09,96.371,96.831,96.846,95.686,96.132
665.42,96.298,96.729,96.588,95.565,96.079
665.75,96.302,96.785,96.62,95.51,96.007
666.08,96.29,96.77,96.689,95.571,95.993
666.41,96.282,96.838,96.722,95.58,96.036
666.74,96.206,96.759,96.583,95.607,95.937
667.07,96.14,96.749,96.501,95.62,95.896
667.4,96.064,96.68,96.511,95.567,95.933
667.73,95.936,96.594,96.507,95.48,95.952
668.06,95.881,96.585,96.454,95.577,95.914
668.39,95.88,96.519,96.409,95.559,95.942
668.72,95.795,96.46,96.482,95.528,95.834
669.05,95.756,96.404,96.355,95.549,95.719
669.38,95.688,96.381,96.339,95.551,95.592
669.71,95.617,96.263,96.307,95.489,95.425
670.04,95.574,96.272,96.221,95.515,95.404
670.37,95.698,96.274,96.234,95.496,95.313
670.7,95.621,96.16,96.164,95.46,95.244
671.03,95.624,96.092,96.17,95.442,95.228
671.36,95.608,96.037,96.096,95.433,95.277
671.69,95.649,95.931,95.883,95.35,95.144
672.02,95.739,95.887,95.837,95.284,95.102
672.35,96.01,96.099,96.069,95.423,95.299
672.68,95.945,95.998,96.106,95.295,95.268
673.01,95.936,95.846,96.031,95.237,95.123
673.34,95.97,95.806,95.923,95.298,95.123
673.67,95.966,95.94,95.912,95.275,94.935
674,95.97,95.869,95.895,95.325,94.911
674.33,96.087,95.8,95.973,95.317,94.873
674.66,96.109,95.798,95.971,95.314,94.746
674.99,96.155,95.844,96.019,95.311,94.861
675.32,96.082,95.816,96.092,95.2,94.775
675.65,96.067,95.779,96.033,95.305,94.789
675.98,96.098,95.835,95.882,95.146,94.761
676.3,96.051,95.788,95.833,94.987,94.658
676.63,96.014,95.868,95.659,94.925,94.616
676.96,96.071,95.879,95.486,94.752,94.649
677.29,96.028,95.967,95.604,94.841,94.765
677.62,95.993,95.864,95.688,94.784,94.692
677.95,95.948,95.836,95.678,94.786,94.679
678.28,95.922,95.977,95.732,94.899,94.792
678.61,95.995,96.053,95.803,94.869,94.809
678.93,96.067,95.99,95.692,94.851,94.808
679.26,96,95.883,95.636,94.863,94.903
679.59,96.114,95.839,95.577,94.912,94.968
679.92,96.183,96.016,95.676,94.919,95.13
680.25,96.194,96.022,95.574,94.916,95.039
680.58,96.131,95.993,95.493,94.901,95.026
680.91,96.061,95.895,95.536,94.831,95.006
681.23,96.041,95.999,95.53,94.74,94.991
681.56,95.934,95.879,95.305,94.52,94.966
681.89,95.926,95.854,95.204,94.449,94.979
682.22,95.901,95.847,95.161,94.39,94.769
682.55,95.952,95.759,95.165,94.518,94.998
682.87,95.974,95.739,95.205,94.493,94.935
683.2,95.847,95.786,95.093,94.631,94.853
683.53,95.854,95.775,95.086,94.549,94.746
683.86,95.771,95.645,94.975,94.482,94.539
684.19,95.727,95.48,94.826,94.338,94.483
684.51,95.813,95.548,94.807,94.229,94.449
684.84,95.727,95.397,94.706,94.133,94.419
685.17,95.65,95.288,94.595,94.121,94.331
685.5,95.658,95.311,94.505,94.117,94.255
685.82,95.669,95.357,94.34,94.104,94.13
686.15,95.537,95.249,94.228,94.089,94.035
686.48,95.652,95.41,94.28,94.183,94.106
686.81,95.615,95.251,94.079,93.977,93.929
687.13,95.528,95.059,93.997,93.789,93.886
687.46,95.629,95.12,94.093,93.813,94.004
687.79,95.622,95.085,94.081,93.839,94.134
688.12,95.569,95.103,93.985,93.878,94.05
688.44,95.61,95.171,93.947,93.951,94.071
688.77,95.721,95.26,93.958,94.076,94.094
689.1,95.736,95.447,93.936,93.923,94.086
689.42,95.585,95.295,93.872,93.804,94.125
689.75,95.654,95.254,93.834,93.756,93.963
690.08,95.729,95.424,93.806,93.867,93.996
690.41,95.737,95.423,93.731,93.94,94.061
690.73,95.792,95.422,93.722,93.869,94.078
691.06,95.897,95.491,93.765,93.847,94.118
691.39,96.055,95.591,93.819,93.864,94.199
691.71,96.004,95.471,93.774,93.917,94.133
692.04,96.025,95.422,93.785,93.972,94.191
692.37,96.061,95.232,93.639,93.87,94.075
692.69,96.071,95.197,93.706,93.774,94.07
693.02,96.002,95.077,93.497,93.741,94.066
693.34,95.89,95.003,93.498,93.784,94.111
693.67,95.899,95.003,93.445,93.864,93.973
694,95.957,94.801,93.379,93.925,93.874
694.32,96.011,94.822,93.423,94.025,93.814
694.65,95.956,94.77,93.495,94.113,93.858
694.98,95.867,94.916,93.508,94.125,93.879
695.3,95.842,94.866,93.545,93.952,93.752
695.63,95.749,94.738,93.568,93.97,93.68
695.95,95.734,94.687,93.64,93.926,93.717
696.28,95.62,94.636,93.569,93.845,93.653
696.61,95.714,94.682,93.557,94.013,93.697
696.93,95.775,94.662,93.587,94.059,93.733
697.26,95.666,94.592,93.595,94.071,93.632
697.58,95.712,94.649,93.704,94.007,93.683
697.91,95.731,94.608,93.639,94.078,93.615
698.23,95.715,94.675,93.544,94.024,93.574
698.56,95.53,94.554,93.479,94.042,93.433
698.89,95.487,94.51,93.461,93.992,93.523
699.21,95.372,94.398,93.424,93.89,93.344
699.54,95.509,94.508,93.461,93.934,93.431
699.86,95.552,94.609,93.633,93.971,93.498
700.19,95.394,94.719,93.639,93.887,93.56
700.51,95.319,94.711,93.626,93.929,93.522
700.84,95.388,94.852,93.653,94.009,93.567
701.16,95.378,94.832,93.645,93.941,93.524
701.49,95.505,94.8,93.696,93.951,93.569
701.81,95.445,94.767,93.596,93.87,93.502
702.14,95.405,94.7,93.573,93.735,93.553
702.46,95.4,94.583,93.453,93.684,93.564
702.79,95.465,94.649,93.476,93.717,93.703
703.11,95.54,94.695,93.616,93.677,93.732
703.44,95.451,94.704,93.591,93.629,93.801
703.76,95.488,94.69,93.534,93.47,93.738
704.09,95.359,94.674,93.426,93.456,93.702
704.41,95.351,94.725,93.435,93.433,93.689
704.74,95.363,94.818,93.633,93.494,93.777
705.06,95.279,94.832,93.69,93.522,93.691
705.39,95.256,94.879,93.606,93.617,93.578
705.71,95.303,94.932,93.543,93.7,93.643
706.04,95.304,95.051,93.636,93.648,93.604
706.36,95.244,95.014,93.666,93.558,93.535
706.68,95.293,94.996,93.696,93.568,93.648
707.01,95.26,95.104,93.757,93.519,93.753
707.33,95.206,95.131,93.812,93.504,93.736
707.66,94.952,95.008,93.683,93.323,93.656
707.98,94.938,94.927,93.666,93.276,93.552
708.31,95.073,94.894,93.81,93.372,93.58
708.63,95.125,94.914,93.808,93.375,93.498
708.95,95.075,94.789,93.824,93.3,93.418
709.28,95.209,94.931,93.952,93.433,93.535
709.6,95.316,94.995,94.064,93.614,93.706
709.93,95.231,94.975,94.211,93.733,93.576
710.25,95.194,94.901,94.124,93.569,93.463
710.57,95.232,94.977,94.113,93.71,93.517
710.9,95.269,94.929,94.127,93.755,93.486
711.22,95.428,94.995,94.181,93.766,93.486
711.54,95.442,94.946,94.273,93.86,93.586
711.87,95.309,94.912,94.223,93.777,93.539
712.19,95.194,94.826,94.221,93.654,93.379
712.51,95.169,94.776,94.254,93.682,93.347
712.84,95.226,94.801,94.23,93.738,93.305
713.16,95.123,94.834,94.2,93.839,93.264
713.48,95.201,94.949,94.176,93.86,93.19
713.81,95.328,95.092,94.103,93.884,93.143
714.13,95.326,95.255,94.164,94.026,93.252
714.45,95.34,95.26,94.144,94.022,93.153
714.78,95.297,95.367,94.132,94.06,93.058
715.1,95.142,95.239,94.046,93.831,93.074
715.42,95.101,95.222,94.131,93.75,92.88
715.75,95.103,95.189,94.021,93.75,92.886
716.07,95.204,95.076,93.986,93.678,92.917
716.39,95.159,94.963,94.117,93.819,92.933
716.71,95.295,95.076,94.191,93.811,93.026
717.04,95.373,95.189,94.378,93.968,93.161
717.36,95.338,95.156,94.317,94.122,93.197
717.68,95.441,95.293,94.244,94.222,93.12
718,95.49,95.444,94.22,94.031,93.178
718.33,95.433,95.464,94.16,94.023,93.261
718.65,95.401,95.532,94.318,94.06,93.429
718.97,95.714,95.841,94.488,94.19,93.717
719.29,95.848,95.76,94.534,94.261,93.703
719.62,95.902,95.869,94.643,94.388,93.753
719.94,96.151,96.161,94.766,94.638,93.878
720.26,96.184,96.203,94.793,94.935,93.81
720.58,96.185,96.258,94.856,94.97,93.75
720.91,96.235,96.24,94.893,94.893,93.816
721.23,96.281,96.137,95.009,94.877,93.831
721.55,96.253,96.035,95.05,94.924,93.713
721.87,96.184,95.787,94.863,95.156,93.602
722.19,96.225,95.788,94.906,95.174,93.532
722.52,96.225,95.87,95.015,95.305,93.65
722.84,96.265,95.845,95.18,95.154,93.678
723.16,96.245,95.871,95.281,95.031,93.471
723.48,96.255,95.755,95.181,95.141,93.579
723.8,96.028,95.546,95.092,94.918,93.353
724.12,96.132,95.538,95.246,95.031,93.488
724.45,96.055,95.428,95.022,94.761,93.411
724.77,95.928,95.216,95.008,94.746,93.328
725.09,96.026,95.535,95.435,95.081,93.519
725.41,96.027,95.613,95.376,95.081,93.47
725.73,95.995,95.904,95.638,95.093,93.408
726.05,96.135,96.007,95.686,95.007,93.469
726.37,96.118,95.881,95.578,94.936,93.497
726.69,96.054,96.273,95.72,94.965,93.635
727.02,95.987,96.267,95.692,94.881,93.676
727.34,96.073,96.443,95.771,95.037,93.69
727.66,96.03,96.38,95.886,95.149,93.77
727.98,95.981,96.482,95.764,95.334,93.911
728.3,96.131,96.615,95.93,95.304,94.188
728.62,96.258,96.895,95.84,95.506,93.99
728.94,96.549,97.105,95.987,95.583,93.902
729.26,96.505,97.027,96.046,95.256,93.951
729.58,96.62,97.324,96.037,95.448,94.144
729.9,96.848,97.582,95.921,95.506,94.354
730.22,96.809,97.601,95.999,95.621,94.247
730.55,97.029,97.748,95.962,95.699,94.489
730.87,96.934,97.646,96.122,95.8,94.414
731.19,97.332,97.784,96.529,95.916,94.689
731.51,97.328,97.884,96.709,96.044,94.84
731.83,97.758,98.262,96.864,96.185,95.338
732.15,97.688,98.196,96.746,96.385,95.387
732.47,97.587,98.255,96.57,96.399,95.389
732.79,97.652,98.202,96.595,96.457,95.255
733.11,97.877,98.224,96.546,96.335,95.061
733.43,97.541,98.124,96.143,96.12,94.885
733.75,97.623,98.182,96.004,95.954,94.947
734.07,97.387,98.287,95.98,95.976,94.723
734.39,97.805,98.377,96.38,96.102,94.869
734.71,98.118,98.561,96.718,96.095,94.96
735.03,98.043,98.726,96.726,96.087,94.996
735.35,98.115,98.793,96.542,96.297,94.752
735.67,97.964,98.648,96.24,96.295,94.702
735.99,98.031,98.368,96.268,96.399,94.628
736.31,98.176,98.607,96.299,96.615,94.774
736.63,98.335,98.725,96.534,96.852,94.874
736.95,98.754,98.896,96.866,97.201,94.948
737.27,98.941,98.827,97.022,97.346,94.912
737.58,99.063,98.802,97.245,97.331,95.126
737.9,99.008,98.636,97.26,97.088,95.312
738.22,99.071,98.821,97.427,97.053,95.286
738.54,99.255,98.916,97.415,97.415,95.719
738.86,99.396,99.017,97.742,97.692,95.943
739.18,99.66,99.216,97.875,97.938,96.068
739.5,99.735,99.449,97.961,98.104,96.09
739.82,99.756,99.271,97.722,97.899,96.063
740.14,100.309,99.547,97.973,98.083,95.997
740.46,100.246,99.537,97.944,98.292,95.999
740.78,100.184,99.778,97.674,98.293,96.24
741.1,100.326,99.987,97.8,98.434,96.238
741.41,100.435,100.177,97.954,98.652,96.549
741.73,100.593,100.212,98.165,98.606,96.555
742.05,100.473,100.03,98.057,98.599,96.332
742.37,100.662,100.196,98.23,98.701,96.596
742.69,101.112,100.435,98.475,99.262,96.752
743.01,101.222,100.589,98.255,99.19,96.839
743.33,101.104,100.632,98.361,99.065,96.874
743.64,100.878,100.466,98.485,99.077,96.782
743.96,100.826,100.51,98.281,99.071,96.603
744.28,101.282,100.723,98.627,99.282,96.937
744.6,101.725,101.261,99.174,99.642,97.436
744.92,101.892,101.652,98.906,99.659,97.527
745.24,101.631,101.585,98.944,99.708,97.331
745.55,101.983,101.94,99.247,99.953,97.648
745.87,101.948,101.647,99.365,99.939,97.826
746.19,101.848,101.777,99.431,100.095,98.133
746.51,101.984,101.421,99.418,99.876,98.245
746.83,102.336,102.027,99.894,100.656,98.624
747.14,102.107,101.826,99.84,100.562,98.45
747.46,102.215,101.859,100.083,100.79,98.609
747.78,102.278,102.116,99.833,100.6,98.725
748.1,102.275,102.285,99.941,100.511,98.677
748.42,102.332,102.724,100.286,100.793,98.756
748.73,102.729,103.043,100.248,100.561,98.853
749.05,102.444,103.162,100.351,100.779,98.941
749.37,102.287,103.046,100.185,100.662,98.682
749.69,102.171,103.081,100.269,100.527,98.289
750,101.645,102.733,100.151,100.323,98.012
750.32,101.549,102.755,100.521,100.98,98.004
750.64,101.83,102.844,100.832,100.971,98.266
750.96,102.073,102.795,100.614,100.797,98.266
751.27,101.294,101.942,100.158,100.549,97.618
751.59,100.578,101.818,99.967,100.496,97.174
751.91,100.579,101.792,100.156,100.64,97.428
752.22,100.321,101.271,100.062,100.231,97.486
752.54,100.514,101.182,100.234,99.869,97.557
752.86,100.602,101.256,100.4,99.739,97.597
753.17,100.533,101.159,100.228,99.883,97.63
753.49,100.314,100.996,100.012,99.621,97.244
753.81,100.541,101.375,100.048,99.369,97.772
754.12,100.752,101.749,100.269,99.071,98.129
754.44,100.659,102.052,100.28,99.322,98.054
754.76,100.712,102.488,100.491,99.332,98.255
755.07,100.907,102.358,100.518,99.776,98.473
755.39,101.001,102.295,100.585,99.564,98.732
755.71,101.029,102.641,101.055,99.715,98.62
756.02,101.43,103.199,101.369,100.339,99.349
756.34,100.863,103.14,101.297,100.428,99.089
756.66,101.144,103.572,101.313,100.706,99.329
756.97,101.505,104.248,101.78,100.702,100.166
757.29,101.637,104.114,101.231,100.464,99.882
757.61,101.609,103.955,101.534,100.421,100.09
757.92,101.822,103.729,102.007,100.715,100.4
758.24,102.085,104.547,102.171,100.928,100.299
758.55,101.459,105.377,101.943,100.718,100.089
758.87,101.86,105.464,101.901,101.306,100.67
759.19,101.618,105.835,101.973,101.262,100.949
759.5,102.01,105.708,101.75,101.204,101.074
759.82,102.422,105.608,101.615,101.1,101.251
760.13,102.983,106.175,102.034,101.459,101.596
760.45,103.524,106.586,102.28,102.468,101.592
760.76,103.706,106.399,102.345,102.326,101.843
761.08,104.13,106.578,102.538,102.747,102.657
761.4,104.722,107.242,102.991,103.247,102.888
761.71,104.871,107.318,103.717,103.558,103.452
762.03,104.835,107.1,104.639,103.604,102.94
762.34,105.096,107.29,104.432,103.802,103.611
762.66,105.342,107.631,105.307,104.382,104.405
762.97,105.599,108.339,105.218,105.206,104.801
763.29,105.308,108.206,104.99,104.672,104.904
763.6,106.007,108.342,105.124,104.972,104.745
763.92,106.419,108.616,106.091,106.38,105.788
764.23,106.447,108.51,106.623,106.067,105.117
764.55,107.475,108.843,107.137,105.938,105.938
764.86,107.575,108.738,107.633,106.601,105.903
765.18,108.735,109.6,108.583,107.854,107.307
765.49,111.72,111.239,111.159,110.502,108.754
765.81,112.626,112.778,113.3,113.502,110.438
766.12,112.601,113.371,113.114,114.518,112.138
766.44,112.767,114.253,113.103,115.88,113.174
766.75,111.868,115.153,112.975,116.63,113.511
767.07,113.119,115.501,113.913,117.561,114.234
767.38,111.37,114.998,114.28,117.035,115.211
767.7,112.108,116.952,116.707,118.112,116.789
768.01,113.729,119.919,118.591,119.447,118.719
768.32,114,120.133,119.022,119.822,119.778
768.64,115.017,120.854,119.262,119.262,120.369
768.95,113.915,120.385,118.934,118.744,119.315
769.27,113.24,122.367,119.358,118.556,120.637
769.58,114.724,125.386,119.675,121.457,122.95
769.9,114.984,126.71,119.3,122.53,123.833
770.21,115.367,126.949,119.576,123.87,124.661
770.52,115.226,127.984,121.193,125.485,125.132
770.84,115.659,130.243,120.479,126.19,126.159
771.15,113.91,129.487,120.673,125.288,125.929
771.47,116.09,129.701,123.048,127.902,127.97
771.78,117.251,133.192,126.32,130.995,129.826
772.09,117.241,136.151,127.772,135.484,133.778
772.41,115.855,138.216,129.568,134.359,134.982
772.72,116.942,140.121,130.423,136.74,135.05
773.03,117.55,141.331,132.302,138.66,137.813
773.35,117.704,142.594,135.101,142.331,139.746
773.66,120.181,150.716,140.029,151.24,145.754
773.97,123.194,155.887,143.911,151.743,148.055
774.29,121.163,154.688,138.502,150.183,147.774
774.6,121.49,155.454,138.013,148.866,150.594
774.91,124.382,156.685,143.876,152.303,153.708
775.23,125.271,155.106,144.552,152.082,154.193
775.54,125.209,158.164,146.365,153.814,159.237
775.85,127.58,161.732,147.85,154.607,162.346
776.17,126.789,163.838,146.548,156.808,162.381
776.48,126.031,166.688,145.168,159.343,159.601
776.79,132.775,175.244,160.042,171.13,169.874
777.11,139.349,188.304,168.552,178.544,177.537
777.42,140.977,186.604,168.322,178.645,175.965
777.73,152.829,203.394,182.768,192.689,190.775
778.04,157.88,204.885,186.544,198.618,196.129
778.36,163.016,207.685,192.123,204.515,202.69
778.67,158.718,193.402,187.276,193.025,196.041
778.98,182.873,216.685,213.481,211.381,215.801
779.3,192.062,230.569,222.749,223.104,223.341
779.61,182.87,226.505,218.981,222.685,219.56
779.92,184.491,223.727,217.245,223.727,223.264
780.23,192.987,235.792,229.988,228.537,231.923
780.54,194.656,245.293,236.641,245.42,245.547
780.86,206.275,250.2,241.389,255.674,254.206
781.17,224.852,269.231,269.231,283.284,280.178
781.48,248.264,285.455,286.446,306.612,313.719
781.79,297.519,331.107,331.489,360.496,367.557
782.11,291.16,322.652,328.361,344.751,364.457
782.42,270.968,317.563,322.043,335.125,352.33
782.73,295.865,337.97,348.308,350,368.609
783.04,307.767,353.981,367.767,356.117,388.738
783.35,360.549,383.755,406.962,395.781,435.865
783.67,365.272,395.607,407.531,392.469,459.205
783.98,364.562,410.183,406.11,406.517,445.01
784.29,365.331,410.02,390.982,402.806,445.691
784.6,354.151,400.943,377.925,390.755,429.245
784.91,406.867,468.026,450.215,439.7,485.408
785.22,425.333,496.444,465.778,464.667,514.889
785.54,464.764,532.506,509.429,522.333,581.886
785.85,500.546,572.951,572.404,569.945,621.038
786.16,525.344,599.449,588.981,586.226,634.986
786.47,631.353,700.66,696.37,694.719,757.426
786.78,668.881,750.699,734.266,732.867,811.538
787.09,797.951,899.59,864.754,881.557,965.574
787.4,821.667,945.833,900.833,914.167,984.583
787.71,664.401,767.314,719.741,751.456,790.291
788.03,709.492,805.424,755.932,785.085,818.305
788.34,739.726,839.726,786.301,810.959,860.616
788.65,659.76,749.85,698.799,736.937,749.55
788.96,729.524,824.127,768.571,795.556,817.143
789.27,833.455,964,877.455,937.455,936
789.58,923.256,1055.814,941.86,996.899,1003.488
789.89,1024.255,1154.043,1028.936,1125.532,1139.149
790.2,1222.772,1330.198,1193.564,1320.792,1327.723
790.51,994.488,1088.976,996.063,1065.748,1062.598
790.82,861.589,948.675,845.033,935.762,919.868
791.13,1107.66,1254.043,1110.638,1210.638,1174.043
791.44,1075.72,1248.148,1088.477,1212.346,1149.383
791.75,1068.675,1220.884,1077.108,1198.795,1140.964
792.06,909.934,1030.464,923.179,1016.887,966.225
792.37,1046.008,1184.03,1080.989,1177.947,1131.559
792.68,1298.104,1490.995,1365.877,1472.512,1419.905
793,1451.579,1682.632,1537.368,1683.158,1597.895
793.31,969.625,1133.788,1035.154,1117.065,1071.331
793.62,848.116,978.551,896.232,971.304,941.449
793.93,806.933,921.6,845.067,910.667,871.467
794.24,766.169,888.557,805.721,861.94,821.144
794.55,788.5,899.75,823.5,877.75,840.75
794.86,955.752,1100.885,1020.354,1098.82,982.301
795.17,1192.279,1383.456,1276.838,1377.206,1233.456
795.47,1019.757,1190.881,1093.009,1168.997,1033.435
795.78,969.014,1125.634,1037.183,1109.859,981.408
796.09,985.278,1125.556,1054.167,1125.556,1000.556
796.4,1225.676,1378.716,1310.473,1379.73,1244.932
796.71,-231.41,-253.54,-244.081,-253.599,-231.886
797.02,-249.688,-272.472,-267.353,-272.659,-252.559
797.33,-262.835,-282.822,-274.904,-280.907,-263.729
797.64,-263.181,-280.862,-278.707,-280.355,-260.837
797.95,-276.837,-297.375,-296.063,-296.522,-274.016
798.26,-288.941,-305.796,-301.799,-309.46,-283.744
798.57,-280.968,-302.158,-295.814,-303.924,-274.82
798.88,-266.768,-284.484,-276.054,-284.728,-259.01
799.19,-266.907,-282.852,-272.503,-285.078,-258.424
799.5,-269.217,-284.458,-271.265,-291.446,-263.012
799.81,-264,-283.353,-268.118,-287.941,-259.765
800.12,-244.589,-265.253,-249.647,-267.319,-244.589
800.42,-239.274,-259.516,-246.845,-263.407,-242.797
800.73,-252.476,-271.851,-258.45,-276.426,-254.629
801.04,-261.517,-282.041,-268.668,-283.515,-266.43
801.35,-256.522,-274.602,-264.263,-277.306,-262.407
801.66,-258.808,-279.297,-270.197,-282.916,-265.886
801.97,-263.782,-283.547,-273.878,-287.447,-271.688
802.28,-268.956,-286.581,-275.612,-292.652,-275.879
802.59,-275.425,-292.144,-278.875,-298.726,-280.202
802.89,-292.024,-309.571,-292.519,-316.612,-297.085
803.2,-287.858,-304.587,-289.099,-315.704,-294.765
803.51,-286.296,-303.373,-288.33,-316.649,-292.773
803.82,-295.43,-310.645,-294.731,-326.29,-303.387
804.13,-286.144,-300.363,-287.805,-315.101,-294.966
804.44,-297.149,-310.771,-297.043,-326.03,-306.019
804.74,-288.697,-300.916,-285.896,-314.817,-294.297
805.05,-309.653,-320.053,-305.92,-336.32,-315.84
805.36,-315.529,-327.082,-314.777,-346.695,-321.87
805.67,-334.622,-346.549,-335.064,-366.759,-338.597
805.98,-337.678,-348.467,-340.416,-369.88,-341.019
806.28,-347.593,-357.665,-351.467,-381.074,-350.138
806.59,-335.294,-345.257,-334.711,-369.846,-337.52
806.9,-338.79,-344.838,-336.757,-374.453,-339.52
807.21,-340.635,-347.347,-340.791,-379.657,-341.675
807.52,-344.398,-354.346,-349.424,-384.607,-347.435
807.82,-363.967,-372.717,-369.076,-406.087,-372.065
808.13,-393.158,-397.434,-392.588,-433.58,-396.123
808.44,-414.001,-416.579,-411.482,-452.021,-419.566
808.75,-417.227,-417.111,-415.255,-451.74,-420.65
809.05,-439.832,-439.471,-434.537,-479.603,-442.298
809.36,-443.933,-446.324,-440.765,-484.459,-443.933
809.67,-439.731,-441.954,-432.768,-482.095,-438.853
809.97,-432.802,-436.617,-425.513,-473.519,-432.46
810.28,-441.247,-445.538,-434.096,-484.096,-445.881
810.59,-448.967,-456.315,-441.676,-492.193,-455.396
810.9,-438.479,-442.999,-428.721,-477.674,-441.4
811.2,-425.106,-429.343,-415.201,-459.375,-424.576
811.51,-431.042,-430.883,-422.369,-466.737,-427.922
811.82,-434.229,-432.596,-425.487,-468.194,-427.225
812.12,-438.409,-438.514,-425.641,-472.58,-430.403
812.43,-465.111,-462.507,-447.531,-497.341,-453.825
812.74,-491.465,-489.22,-473.947,-525.547,-475.8
813.04,-493.115,-491.283,-475.958,-523.209,-476.235
813.35,-492.065,-484.728,-470.109,-516.141,-470.598
813.66,-488.877,-478.496,-465.837,-510.805,-465.466
813.96,-485.257,-478.646,-465.163,-511.805,-465.477
814.27,-488.642,-479.814,-466.443,-510.945,-462.055
814.58,-506.069,-497.678,-484.644,-526.385,-481.214
814.88,-507.045,-496.635,-485.489,-530.915,-477.024
815.19,-493.594,-483.325,-470.819,-514.54,-464.464
815.5,-492.431,-480,-473.634,-514.837,-464.411
815.8,-505.79,-491.772,-486.186,-529.711,-476.993
816.11,-512.513,-497.457,-488.149,-537.131,-483.367
816.41,-492.878,-478.924,-470.736,-518.217,-464.341
816.72,-511.573,-500.94,-490.01,-537.389,-479.13
817.03,-508.268,-499.805,-483.463,-538.181,-481.907
817.33,-514.286,-504.276,-489.893,-545.773,-490.33
817.64,-537.832,-526.141,-514.551,-572.704,-515.103
817.94,-524.636,-514.626,-503.11,-561.516,-501.166
818.25,-529.335,-519.573,-509.859,-566.731,-505.245
818.56,-513.364,-503.271,-492.757,-550.654,-491.308
818.86,-515.528,-502.417,-496.095,-549.465,-492.841
819.17,-534.458,-522.909,-514.068,-570.675,-514.354
819.47,-547.166,-535.783,-527.041,-580.98,-525.024
819.78,-553.375,-538.822,-530.876,-585.352,-530.014
820.08,-580.259,-566.8,-560.867,-618.644,-558.425
820.39,-587.743,-573.642,-568.71,-625.212,-566.517
820.7,-598.747,-579.459,-576.703,-637.776,-578.106
821,-602.456,-584.261,-585.263,-644.211,-582.757
821.31,-628.159,-606.189,-611.759,-673.027,-606.086
821.61,-608.458,-588.756,-592.239,-649.403,-588.856
821.92,-603.521,-580.685,-590.171,-642.592,-583.912
822.22,-629.929,-604.095,-613.852,-673.66,-611.78
822.53,-616.927,-590.098,-598.39,-655.122,-593.122
822.83,-600.989,-577.014,-584.88,-639.001,-575.789
823.14,-590.533,-569.026,-574.586,-627.068,-565.717
823.44,-604.227,-581.979,-588.992,-641.895,-581.189
823.75,-626.401,-603.181,-610.066,-664.482,-602.137
824.05,-657.564,-634.774,-640.619,-696.857,-631.827
824.36,-664.331,-641.107,-644.292,-703.479,-637.678
824.66,-659.846,-639.624,-638.031,-699.131,-633.784
824.96,-655.36,-636.255,-635.779,-697.189,-633.063
825.27,-659.243,-636.832,-639.291,-697.872,-636.596
825.57,-665.958,-643.957,-647.923,-703.777,-642.162
825.88,-675.872,-653.273,-653.846,-711.085,-659.197
826.18,-721.612,-695.869,-695.668,-755.617,-702.771
826.49,-728.78,-700.706,-700.504,-759.022,-709.022
826.79,-746.626,-718.661,-719.427,-774.08,-724.693
827.1,-777.696,-748.448,-748.396,-805.155,-751.92
827.4,-796.058,-767.874,-765.424,-823.548,-769.899
827.7,18792.405,18194.937,18165.823,19563.291,18215.19
828.01,27622.222,26727.778,26727.778,28674.074,26792.593
828.31,83311.111,80694.444,80727.778,86411.111,80566.667
828.62,-377675,-367200,-365075,-393550,-364775
828.92,-44788.235,-43541.176,-43076.471,-46464.706,-43311.765
829.22,-20678.378,-20191.892,-20004.054,-21417.568,-20009.459
829.53,-48462.5,-47209.375,-47003.125,-49953.125,-46962.5
829.83,11375.362,11119.565,11064.493,11714.493,11044.928
830.14,8522.043,8312.903,8291.398,8770.43,8295.161
830.44,7315.068,7141.553,7139.726,7519.635,7106.849
830.74,7119.824,6931.278,6933.921,7307.93,6924.229
831.05,4623.229,4485.552,4498.3,4754.674,4481.586
831.35,4231.443,4113.402,4107.474,4344.588,4112.629
831.65,4736.103,4606.59,4595.415,4860.172,4606.304
831.96,6085.714,5906.227,5887.546,6238.462,5886.081
832.26,6443.846,6258.462,6216.538,6589.231,6210.385
832.56,6982.158,6782.573,6734.025,7137.344,6751.867
832.87,6580.934,6420.623,6351.362,6738.911,6355.642
833.17,6101.079,5987.77,5930.216,6266.547,5903.597
833.47,5566.34,5473.856,5417.974,5721.242,5401.307
833.78,5181.269,5104.23,5051.36,5316.616,5032.628
834.08,5324.458,5255.108,5201.858,5463.777,5175.542
834.38,6369.118,6265.441,6222.426,6523.162,6193.015
834.68,7580,7430.87,7386.522,7729.565,7319.565
834.99,6119.861,6011.15,5957.143,6240.767,5908.362
835.29,6206.338,6104.577,6062.676,6343.662,5988.732
835.59,5279.464,5202.976,5165.774,5387.202,5099.405
835.89,5541.121,5470.093,5425.234,5652.96,5343.614
836.2,6595.941,6498.524,6434.317,6700,6386.347
836.5,10042.135,9894.944,9815.73,10215.73,9751.124
836.8,10253.448,10136.207,10041.954,10451.724,9975.287
837.11,8938.5,8830.5,8756,9102,8714
837.41,6854.198,6783.588,6742.366,6977.481,6678.244
837.71,7494.142,7440.586,7403.347,7634.31,7318.828
838.01,7619.915,7541.949,7522.881,7741.525,7443.22
838.31,8640.191,8529.187,8519.139,8798.086,8434.928
838.62,10873.653,10691.617,10683.234,11022.156,10573.653
838.92,9981.319,9804.945,9808.791,10132.418,9742.308
839.22,11204.938,11011.728,11032.716,11404.938,10940.741
839.52,14229.134,14093.701,14068.504,14511.024,13998.425
839.82,28132.812,27979.687,27921.875,28693.75,27726.562
840.13,18046,17911,17915,18371,17854
840.43,14234.646,14144.882,14142.52,14473.228,14045.669
840.73,8965.842,8912.376,8918.812,9116.832,8844.059
841.03,7179.762,7150.397,7157.54,7327.778,7082.937
841.33,8871.569,8788.235,8811.275,9054.902,8718.137
841.64,8268.95,8172.603,8217.808,8432.877,8133.333
841.94,8990.05,8899.502,8942.786,9208.955,8877.612
842.24,8168.778,8101.81,8111.765,8381.448,8072.398
842.54,8682.692,8628.846,8612.981,8897.596,8576.442
842.84,7421.399,7370.37,7375.72,7587.243,7329.218
843.14,9205.641,9176.41,9149.231,9412.821,9109.744
843.44,14752.893,14716.529,14708.264,15064.463,14663.636
843.74,13180.741,13130.37,13156.296,13491.852,13136.296
844.05,14527.049,14522.131,14555.738,14964.754,14520.492
844.35,10187.356,10194.828,10186.782,10470.115,10150
844.65,17878.788,17822.222,17902.02,18327.273,17779.798
844.95,16758.095,16746.667,16775.238,17243.81,16739.048
845.25,20846.429,20926.19,20909.524,21498.81,20890.476
845.55,36402.083,36591.667,36629.167,37552.083,36539.583
845.85,16595.238,16670.476,16773.333,17137.143,16726.667
846.15,19054.945,19217.582,19262.637,19678.022,19227.473
846.45,40118.605,40541.86,40593.023,41432.558,40448.837
846.75,-114260,-115480,-115920,-118133.333,-115220
847.05,29984.211,30294.737,30366.667,30973.684,30233.333
847.36,211587.5,213787.5,214937.5,218937.5,213950
847.66,-51151.515,-51700,-52121.212,-52551.515,-51436.364
847.96,-20923.75,-21182.5,-21327.5,-21433.75,-21008.75
848.26,-12421.642,-12616.418,-12673.881,-12738.806,-12442.537
848.56,-9224.444,-9357.778,-9395.556,-9398.889,-9187.778
848.86,-7369.643,-7467.411,-7502.679,-7507.143,-7329.018
849.16,-7983.981,-8058.738,-8113.107,-8096.602,-7937.379
849.46,-5472.148,-5525.168,-5550.671,-5554.362,-5432.55
849.76,-4856.287,-4883.234,-4919.76,-4921.557,-4802.395
850.06,-4651.734,-4680.347,-4718.497,-4732.081,-4603.468
850.36,-4658.601,-4704.665,-4727.697,-4736.735,-4609.621
850.66,-3583.71,-3607.24,-3631.448,-3626.018,-3540.045
850.96,-3400.651,-3416.052,-3445.987,-3434.924,-3347.072
851.26,-3768.039,-3803.874,-3829.298,-3821.792,-3714.528
851.56,-4264.835,-4304.67,-4308.242,-4292.582,-4198.352
851.86,-4090.716,-4160.477,-4133.422,-4116.18,-4045.093
852.16,-4388.571,-4440,-4422,-4411.429,-4323.429
852.46,-4595.181,-4650.904,-4621.386,-4615.06,-4515.361
852.76,-4281.921,-4333.616,-4317.797,-4282.203,-4193.785
853.06,-6445.064,-6518.455,-6493.133,-6433.047,-6334.335
853.36,-14234.286,-14392.381,-14294.286,-14177.143,-13980.952
853.65,-30322.449,-30648.98,-30426.531,-30244.898,-29810.204
853.95,-14090.385,-14299.038,-14146.154,-14064.423,-13852.885
854.25,-20205.556,-20469.444,-20236.111,-20127.778,-19841.667
854.55,-35990,-36412.5,-35977.5,-35732.5,-35235
854.85,-25396.429,-25660.714,-25382.143,-25183.929,-24775
855.15,-25583.636,-25790.909,-25641.818,-25421.818,-24890.909
855.45,-27844,-28080,-27860,-27632,-27002
855.75,-23271.186,-23569.492,-23255.932,-23096.61,-22616.949
856.05,-14314.894,-14550,-14326.596,-14251.064,-13977.66
856.35,-22542.373,-22989.831,-22569.492,-22500,-22016.949
856.65,-8305.096,-8519.745,-8361.146,-8317.197,-8139.49
856.94,-8744.218,-9000,-8822.449,-8802.041,-8580.272
857.24,-7309.827,-7536.994,-7336.994,-7372.254,-7197.688
857.54,-5457.269,-5656.388,-5476.211,-5524.67,-5383.26
857.84,-4548.872,-4731.203,-4564.286,-4639.098,-4498.496
858.14,-5951.741,-6213.433,-5975.622,-6053.731,-5885.572
858.44,-8699.265,-9107.353,-8700.735,-8905.147,-8600.735
858.74,-13311.364,-13917.045,-13344.318,-13603.409,-13230.682
859.03,-8463.235,-8822.794,-8486.765,-8585.294,-8436.765
859.33,-6483.333,-6771.264,-6516.667,-6606.897,-6462.644
859.63,-7825.352,-8157.042,-7871.831,-7997.887,-7847.887
859.93,-6149.153,-6429.944,-6155.932,-6287.006,-6184.181
860.23,-4536.441,-4698.305,-4536.864,-4647.881,-4526.271
860.53,-4084.884,-4224.419,-4078.295,-4172.093,-4036.047
860.82,-3567.474,-3697.578,-3557.093,-3638.754,-3534.602
861.12,-3415.254,-3574.237,-3408.814,-3506.102,-3387.119
861.42,-3281.848,-3423.102,-3264.356,-3354.455,-3235.314
861.72,-3351.37,-3497.603,-3337.671,-3418.493,-3294.863
862.02,-4308.482,-4494.196,-4294.196,-4395.982,-4237.054
862.31,-4593.171,-4808.78,-4605.854,-4708.293,-4534.146
862.61,-5347.093,-5618.023,-5420.349,-5491.86,-5302.907
862.91,-5531.098,-5801.829,-5578.049,-5642.683,-5447.561
863.21,-4708.466,-4905.291,-4742.328,-4783.069,-4652.381
863.5,-4881.564,-5054.19,-4893.296,-4941.341,-4812.849
863.8,-4231.683,-4365.842,-4248.02,-4289.604,-4162.871
864.1,-3771.364,-3898.636,-3808.636,-3832.273,-3712.273
864.4,-3793.981,-3909.722,-3803.704,-3814.815,-3728.704
864.69,-5420.805,-5581.208,-5422.148,-5381.208,-5308.054
864.99,-4576.163,-4739.535,-4572.093,-4544.186,-4519.767
865.29,-3637.915,-3757.346,-3636.967,-3594.313,-3588.626
865.59,-3240.175,-3357.205,-3262.445,-3200.873,-3228.821
865.88,-2854.941,-2959.289,-2893.281,-2835.178,-2863.636
866.18,-2920.165,-2997.531,-2918.93,-2876.132,-2908.642
866.48,-2797.571,-2882.591,-2795.547,-2766.802,-2772.874
866.77,-2731.174,-2827.126,-2706.073,-2691.498,-2702.834
867.07,-2678.629,-2772.984,-2620.968,-2636.694,-2650.403
867.37,0,0,0,0,0
867.66,-1600,-1400,-2150,-975,-500
867.96,126.23,127.869,31.148,44.262,80.328
868.26,209.836,196.721,160.656,180.328,116.393
868.56,490,490,355,565,395
868.85,-14.894,-85.106,-61.702,-91.489,-168.085
869.15,345.833,195.833,250,212.5,325
869.44,130.508,144.068,115.254,113.559,55.932
869.74,145.161,229.032,112.903,145.161,158.065
870.04,1500,875,1050,1550,150
870.33,0,0,0,0,0
870.63,614.286,1085.714,585.714,114.286,1257.143
870.93,105.556,30.556,-16.667,-25,-2.778
871.22,-78.571,385.714,64.286,435.714,321.429
871.52,117.857,-57.143,53.571,89.286,-60.714
871.81,125,203.571,110.714,221.429,75
872.11,75,135,-35,75,120
872.41,-2.564,-82.051,64.103,-5.128,28.205
872.7,125,42.308,78.846,-5.769,50
873,132.353,176.471,223.529,32.353,52.941
873.29,86.667,102.222,142.222,188.889,108.889
873.59,192.857,140.476,247.619,123.81,297.619
873.89,16.667,-18.75,-37.5,-10.417,-29.167
874.18,150,-65,45,-75,30
874.48,312.5,-12.5,-150,-237.5,-637.5
874.77,72.727,345.455,18.182,-200,227.273
875.07,343.75,-150,237.5,343.75,-43.75
875.36,-210.526,-36.842,-52.632,-110.526,5.263
875.66,52,-48,40,8,-40
875.95,143.478,-252.174,221.739,-39.13,-4.348
876.25,1625,550,350,925,125
876.54,181.25,312.5,250,181.25,343.75
876.84,156,158,144,130,170
877.13,102.381,16.667,61.905,11.905,78.571
877.43,-25,-25,433.333,-258.333,58.333
877.72,-66.667,833.333,633.333,766.667,533.333
878.02,666.667,200,366.667,166.667,-1100
878.31,8.333,16.667,4.167,66.667,-45.833
878.61,-14.286,28.571,-14.286,-285.714,200
878.9,10.526,-39.474,65.789,-21.053,21.053
879.2,-442.857,-442.857,-642.857,-100,-614.286
879.49,-412.5,-187.5,-337.5,550,25
879.79,6.452,-38.71,116.129,83.871,-9.677
880.08,12.5,68.75,87.5,143.75,68.75
880.38,-400,-362.5,75,-75,12.5
880.67,575,300,1350,575,925
880.96,135.714,-42.857,-157.143,-50,-142.857
881.26,-57.143,-60.714,132.143,-21.429,-46.429
881.55,-57.143,-60.714,132.143,-21.429,-46.429
881.85,-57.143,-60.714,132.143,-21.429,-46.429