wl,ir
176.975,0
177.36,0
177.746,0
178.131,0
178.517,0
178.903,0
179.288,0
179.673,0
180.059,0
180.444,0
180.83,0
181.215,0
181.6,0
181.986,0
182.371,0
182.756,0
183.141,0
183.526,0
183.911,0
184.296,0
184.681,0
185.066,0
185.451,0
185.836,0
186.221,0
186.606,0
186.991,0
187.376,0
187.761,0
188.145,0
188.53,0
188.915,0
189.3,0
189.684,0
190.069,0
190.453,0
190.838,0
191.222,0
191.607,0
191.991,0
192.376,0
192.76,0
193.145,0
193.529,0
193.913,0
194.297,0
194.682,0
195.066,0
195.45,0
195.834,0
196.218,0
196.602,0
196.986,0
197.37,0
197.754,0
198.138,0
198.522,0
198.906,0
199.29,0
199.674,0
200.058,0
200.441,0
200.825,0
201.209,0
201.592,0
201.976,0
202.36,0
202.743,0
203.127,0
203.51,0
203.894,0
204.277,0
204.66,0
205.044,0
205.427,0
205.811,0
206.194,0
206.577,0
206.96,0
207.343,0
207.727,0
208.11,0
208.493,0
208.876,0
209.259,0
209.642,0
210.025,0
210.408,0
210.791,0
211.173,0
211.556,0
211.939,0
212.322,0
212.705,0
213.087,0
213.47,0
213.853,0
214.235,0
214.618,0
215,0
215.383,0
215.765,0
216.148,0
216.53,0
216.913,0
217.295,0
217.677,0
218.059,0
218.442,0
218.824,0
219.206,0
219.588,0
219.97,0
220.352,-0.14
220.735,-0.15
221.117,-0.12
221.499,-0.12
221.88,-0.14
222.262,-0.09
222.644,-0.09
223.026,-0.11
223.408,-0.11
223.79,-0.1
224.172,-0.1
224.553,-0.1
224.935,-0.1
225.317,-0.1
225.698,-0.09
226.08,-0.06
226.461,-0.06
226.843,-0.07
227.224,-0.09
227.606,-0.08
227.987,-0.08
228.369,-0.04
228.75,-0.06
229.131,-0.07
229.513,-0.05
229.894,-0.05
230.275,-0.06
230.656,-0.07
231.038,-0.08
231.419,-0.09
231.8,-0.08
232.181,-0.07
232.562,-0.09
232.943,-0.09
233.324,-0.08
233.705,-0.06
234.086,-0.06
234.467,-0.05
234.847,-0.07
235.228,-0.07
235.609,-0.07
235.99,-0.08
236.371,-0.08
236.751,-0.08
237.132,-0.05
237.512,-0.05
237.893,-0.05
238.274,-0.04
238.654,-0.04
239.035,-0.03
239.415,-0.03
239.795,-0.04
240.176,-0.04
240.556,-0.05
240.936,-0.05
241.317,-0.04
241.697,-0.04
242.077,-0.03
242.457,-0.01
242.838,-0.01
243.218,-0.02
243.598,-0.03
243.978,-0.04
244.358,-0.04
244.738,-0.04
245.118,-0.04
245.498,-0.05
245.877,-0.05
246.257,-0.06
246.637,-0.07
247.017,-0.08
247.397,-0.07
247.776,-0.07
248.156,-0.07
248.536,-0.08
248.915,-0.1
249.295,-0.09
249.674,-0.09
250.054,-0.09
250.433,-0.09
250.813,-0.08
251.192,-0.08
251.572,-0.07
251.951,-0.07
252.33,-0.06
252.71,-0.05
253.089,-0.04
253.468,-0.03
253.847,-0.05
254.226,-0.05
254.605,-0.04
254.984,-0.03
255.363,-0.03
255.742,-0.03
256.121,-0.03
256.5,-0.03
256.879,-0.02
257.258,-0.02
257.637,-0.03
258.016,-0.03
258.395,-0.03
258.773,-0.04
259.152,-0.04
259.531,-0.03
259.909,-0.04
260.288,-0.03
260.666,-0.03
261.045,-0.04
261.423,-0.05
261.802,-0.04
262.18,-0.03
262.559,-0.03
262.937,-0.03
263.315,-0.04
263.694,-0.03
264.072,-0.03
264.45,-0.03
264.828,-0.04
265.207,-0.02
265.585,-0.03
265.963,-0.03
266.341,-0.03
266.719,-0.03
267.097,-0.03
267.475,-0.02
267.853,-0.01
268.231,-0.01
268.608,-0.02
268.986,-0.02
269.364,-0.03
269.742,-0.03
270.119,-0.03
270.497,-0.03
270.875,-0.03
271.252,-0.03
271.63,-0.04
272.007,-0.03
272.385,-0.04
272.762,-0.03
273.14,-0.03
273.517,-0.02
273.895,-0.03
274.272,-0.04
274.649,-0.03
275.027,-0.03
275.404,-0.03
275.781,-0.02
276.158,-0.02
276.535,-0.02
276.912,-0.01
277.289,-0.02
277.666,-0.02
278.043,-0.01
278.42,-0.02
278.797,-0.02
279.174,-0.02
279.551,-0.02
279.928,-0.02
280.305,-0.02
280.681,-0.02
281.058,-0.02
281.435,-0.03
281.811,-0.03
282.188,-0.03
282.565,-0.04
282.941,-0.04
283.318,-0.04
283.694,-0.03
284.07,-0.03
284.447,-0.04
284.823,-0.03
285.2,-0.03
285.576,-0.03
285.952,-0.04
286.328,-0.04
286.704,-0.03
287.081,-0.04
287.457,-0.04
287.833,-0.04
288.209,-0.04
288.585,-0.04
288.961,-0.03
289.337,-0.04
289.713,-0.03
290.089,-0.03
290.464,-0.03
290.84,-0.02
291.216,-0.02
291.592,-0.02
291.967,-0.01
292.343,-0.02
292.719,-0.02
293.094,-0.02
293.47,-0.02
293.845,-0.01
294.221,-0.02
294.596,-0.02
294.972,-0.01
295.347,-0.02
295.722,-0.01
296.098,-0.01
296.473,0
296.848,-0.01
297.223,-0.02
297.599,-0.03
297.974,-0.03
298.349,-0.03
298.724,-0.03
299.099,-0.03
299.474,-0.03
299.849,-0.03
300.224,-0.03
300.599,-0.02
300.973,-0.02
301.348,-0.02
301.723,-0.02
302.098,-0.02
302.472,-0.03
302.847,-0.04
303.222,-0.04
303.596,-0.03
303.971,-0.02
304.345,-0.02
304.72,-0.02
305.094,-0.02
305.469,-0.02
305.843,-0.02
306.218,-0.02
306.592,-0.02
306.966,-0.02
307.34,-0.01
307.715,-0.02
308.089,-0.01
308.463,-0.01
308.837,-0.01
309.211,-0.01
309.585,-0.01
309.959,-0.01
310.333,-0.02
310.707,-0.02
311.081,-0.02
311.455,-0.02
311.828,-0.02
312.202,-0.02
312.576,-0.02
312.95,-0.02
313.323,-0.02
313.697,-0.02
314.071,-0.01
314.444,-0.02
314.818,-0.02
315.191,-0.02
315.565,-0.02
315.938,-0.02
316.311,-0.02
316.685,-0.02
317.058,-0.02
317.431,-0.02
317.805,-0.02
318.178,-0.02
318.551,-0.02
318.924,-0.02
319.297,-0.01
319.67,-0.01
320.043,-0.01
320.416,-0.02
320.789,-0.01
321.162,-0.01
321.535,-0.01
321.908,-0.01
322.281,-0.01
322.653,-0.01
323.026,-0.01
323.399,-0.01
323.771,-0.02
324.144,-0.01
324.517,-0.01
324.889,-0.01
325.262,-0.01
325.634,-0.01
326.007,-0.01
326.379,-0.01
326.751,-0.01
327.124,-0.02
327.496,-0.02
327.868,-0.02
328.24,-0.02
328.613,-0.02
328.985,-0.01
329.357,-0.01
329.729,-0.01
330.101,-0.01
330.473,-0.01
330.845,-0.03
331.217,-0.03
331.589,-0.02
331.961,-0.03
332.332,-0.02
332.704,-0.03
333.076,-0.03
333.448,-0.03
333.819,-0.03
334.191,-0.03
334.563,-0.03
334.934,-0.03
335.306,-0.03
335.677,-0.03
336.049,-0.04
336.42,-0.04
336.791,-0.04
337.163,-0.03
337.534,-0.03
337.905,-0.03
338.276,-0.03
338.648,-0.03
339.019,-0.03
339.39,-0.03
339.761,-0.03
340.132,-0.03
340.503,-0.03
340.874,-0.03
341.245,-0.03
341.616,-0.03
341.987,-0.03
342.357,-0.03
342.728,-0.02
343.099,-0.02
343.47,-0.02
343.84,-0.03
344.211,-0.03
344.582,-0.03
344.952,-0.03
345.323,-0.04
345.693,-0.03
346.064,-0.03
346.434,-0.03
346.804,-0.02
347.175,-0.03
347.545,-0.04
347.915,-0.04
348.286,-0.03
348.656,-0.03
349.026,-0.03
349.396,-0.03
349.766,-0.03
350.136,-0.02
350.506,-0.02
350.876,-0.01
351.246,-0.01
351.616,-0.01
351.986,-0.01
352.356,-0.02
352.725,-0.02
353.095,-0.01
353.465,-0.01
353.834,0
354.204,0
354.574,0
354.943,0
355.313,-0.01
355.682,-0.01
356.052,-0.01
356.421,-0.01
356.79,-0.01
357.16,-0.02
357.529,-0.02
357.898,-0.02
358.267,-0.02
358.637,-0.02
359.006,-0.02
359.375,-0.02
359.744,-0.02
360.113,-0.02
360.482,-0.03
360.851,-0.03
361.22,-0.03
361.589,-0.03
361.958,-0.03
362.326,-0.03
362.695,-0.04
363.064,-0.03
363.432,-0.04
363.801,-0.03
364.17,-0.03
364.538,-0.03
364.907,-0.03
365.275,-0.03
365.644,-0.03
366.012,-0.03
366.381,-0.03
366.749,-0.02
367.117,-0.02
367.485,-0.01
367.854,-0.02
368.222,-0.01
368.59,-0.01
368.958,-0.01
369.326,-0.02
369.694,-0.01
370.062,-0.01
370.43,-0.01
370.798,-0.02
371.166,-0.02
371.534,-0.02
371.902,-0.02
372.269,-0.02
372.637,-0.02
373.005,-0.02
373.373,-0.02
373.74,-0.02
374.108,-0.01
374.475,-0.01
374.843,-0.01
375.21,-0.01
375.578,-0.01
375.945,-0.01
376.312,-0.02
376.68,-0.02
377.047,-0.01
377.414,-0.01
377.781,-0.02
378.149,-0.02
378.516,-0.02
378.883,-0.02
379.25,-0.02
379.617,-0.03
379.984,-0.03
380.351,-0.03
380.718,-0.03
381.084,-0.03
381.451,-0.03
381.818,-0.03
382.185,-0.03
382.551,-0.03
382.918,-0.03
383.285,-0.03
383.651,-0.03
384.018,-0.02
384.384,-0.02
384.751,-0.02
385.117,-0.02
385.484,-0.03
385.85,-0.02
386.216,-0.02
386.583,-0.01
386.949,-0.01
387.315,-0.01
387.681,-0.01
388.047,-0.01
388.413,-0.01
388.779,-0.01
389.145,0
389.511,-0.01
389.877,-0.01
390.243,-0.01
390.609,-0.02
390.975,-0.01
391.341,-0.02
391.706,-0.02
392.072,-0.02
392.438,-0.02
392.803,-0.02
393.169,-0.02
393.534,-0.03
393.9,-0.03
394.265,-0.03
394.631,-0.03
394.996,-0.02
395.361,-0.02
395.727,-0.02
396.092,-0.02
396.457,-0.02
396.822,-0.02
397.187,-0.02
397.553,-0.02
397.918,-0.02
398.283,-0.02
398.648,-0.02
399.013,-0.02
399.377,-0.02
399.742,-0.02
400.107,-0.02
400.472,-0.03
400.837,-0.02
401.201,-0.03
401.566,-0.03
401.931,-0.03
402.295,-0.03
402.66,-0.03
403.024,-0.03
403.389,-0.03
403.753,-0.03
404.118,-0.03
404.482,-0.02
404.846,-0.02
405.211,-0.02
405.575,-0.02
405.939,-0.02
406.303,-0.02
406.667,-0.02
407.031,-0.02
407.395,-0.02
407.759,-0.02
408.123,-0.02
408.487,-0.02
408.851,-0.02
409.215,-0.02
409.579,-0.02
409.943,-0.02
410.306,-0.03
410.67,-0.03
411.034,-0.02
411.397,-0.02
411.761,-0.03
412.124,-0.03
412.488,-0.03
412.851,-0.03
413.215,-0.02
413.578,-0.03
413.941,-0.02
414.305,-0.02
414.668,-0.02
415.031,-0.02
415.394,-0.02
415.757,-0.02
416.12,-0.02
416.483,-0.01
416.846,-0.01
417.209,-0.01
417.572,-0.02
417.935,-0.02
418.298,-0.02
418.661,-0.02
419.024,-0.02
419.386,-0.02
419.749,-0.02
420.112,-0.02
420.474,-0.02
420.837,-0.02
421.199,-0.02
421.562,-0.02
421.924,-0.02
422.287,-0.02
422.649,-0.02
423.011,-0.02
423.374,-0.02
423.736,-0.02
424.098,-0.03
424.46,-0.03
424.822,-0.03
425.184,-0.02
425.546,-0.02
425.908,-0.02
426.27,-0.02
426.632,-0.02
426.994,-0.03
427.356,-0.03
427.718,-0.02
428.08,-0.02
428.441,-0.02
428.803,-0.01
429.165,-0.01
429.526,-0.01
429.888,-0.01
430.249,-0.01
430.611,0
430.972,-0.01
431.334,-0.01
431.695,-0.01
432.056,-0.01
432.417,-0.01
432.779,-0.01
433.14,0
433.501,0
433.862,-0.01
434.223,-0.01
434.584,-0.02
434.945,-0.02
435.306,-0.03
435.667,-0.03
436.028,-0.02
436.389,-0.02
436.75,-0.03
437.11,-0.02
437.471,-0.02
437.832,-0.02
438.192,-0.02
438.553,-0.02
438.913,-0.02
439.274,-0.02
439.634,-0.02
439.995,-0.03
440.355,-0.03
440.716,-0.03
441.076,-0.03
441.436,-0.03
441.796,-0.03
442.156,-0.03
442.517,-0.03
442.877,-0.03
443.237,-0.03
443.597,-0.03
443.957,-0.03
444.317,-0.03
444.677,-0.03
445.036,-0.03
445.396,-0.03
445.756,-0.03
446.116,-0.02
446.475,-0.02
446.835,-0.02
447.195,-0.02
447.554,-0.01
447.914,-0.01
448.273,-0.01
448.633,-0.01
448.992,-0.01
449.351,0
449.711,0
450.07,-0.01
450.429,-0.01
450.788,-0.01
451.147,-0.01
451.507,0
451.866,-0.01
452.225,-0.01
452.584,-0.01
452.943,-0.01
453.301,-0.01
453.66,-0.01
454.019,-0.02
454.378,-0.02
454.737,-0.02
455.095,-0.02
455.454,-0.02
455.813,-0.02
456.171,-0.02
456.53,-0.02
456.888,-0.02
457.247,-0.03
457.605,-0.03
457.963,-0.02
458.322,-0.02
458.68,-0.02
459.038,-0.02
459.396,-0.02
459.754,-0.02
460.113,-0.02
460.471,-0.02
460.829,-0.02
461.187,-0.03
461.545,-0.02
461.902,-0.02
462.26,-0.01
462.618,-0.02
462.976,-0.02
463.334,-0.01
463.691,-0.01
464.049,-0.02
464.407,-0.02
464.764,-0.02
465.122,-0.02
465.479,-0.02
465.837,-0.02
466.194,-0.02
466.551,-0.02
466.909,-0.02
467.266,-0.01
467.623,-0.01
467.98,-0.02
468.337,-0.01
468.695,-0.01
469.052,-0.01
469.409,-0.02
469.766,-0.01
470.123,-0.01
470.479,-0.01
470.836,0
471.193,-0.01
471.55,0
471.907,-0.01
472.263,-0.01
472.62,-0.01
472.977,-0.01
473.333,-0.01
473.69,0
474.046,0
474.403,-0.01
474.759,-0.01
475.115,0
475.472,0
475.828,0
476.184,0
476.54,0
476.896,0
477.252,0
477.608,0
477.964,0
478.32,0
478.676,0
479.032,0
479.388,0
479.744,-0.01
480.1,0
480.455,0
480.811,0
481.167,-0.01
481.522,-0.01
481.878,-0.01
482.233,-0.02
482.589,-0.02
482.944,-0.02
483.3,-0.02
483.655,-0.02
484.01,-0.03
484.365,-0.03
484.721,-0.02
485.076,-0.03
485.431,-0.03
485.786,-0.03
486.141,-0.03
486.496,-0.03
486.851,-0.03
487.206,-0.03
487.561,-0.03
487.915,-0.03
488.27,-0.03
488.625,-0.02
488.98,-0.03
489.334,-0.03
489.689,-0.02
490.043,-0.02
490.398,-0.02
490.752,-0.02
491.107,-0.01
491.461,-0.02
491.816,-0.02
492.17,-0.02
492.524,-0.02
492.878,-0.02
493.233,-0.02
493.587,-0.02
493.941,-0.02
494.295,-0.02
494.649,-0.02
495.003,-0.01
495.357,-0.01
495.711,-0.01
496.064,-0.02
496.418,-0.01
496.772,-0.01
497.126,-0.01
497.479,-0.01
497.833,-0.01
498.186,-0.01
498.54,-0.01
498.893,-0.01
499.247,0
499.6,0
499.954,-0.01
500.307,-0.01
500.66,-0.01
501.013,-0.01
501.367,-0.01
501.72,-0.01
502.073,-0.01
502.426,-0.01
502.779,-0.01
503.132,-0.01
503.485,-0.01
503.838,-0.01
504.191,-0.02
504.543,-0.02
504.896,-0.02
505.249,-0.02
505.601,-0.02
505.954,-0.02
506.307,-0.02
506.659,-0.02
507.012,-0.02
507.364,-0.02
507.716,-0.02
508.069,-0.02
508.421,-0.02
508.773,-0.02
509.126,-0.02
509.478,-0.01
509.83,-0.02
510.182,-0.01
510.534,-0.01
510.886,-0.01
511.238,-0.01
511.59,-0.01
511.942,-0.01
512.294,-0.01
512.645,-0.01
512.997,-0.01
513.349,-0.01
513.701,-0.02
514.052,-0.02
514.404,-0.02
514.755,-0.02
515.107,-0.02
515.458,-0.02
515.81,-0.02
516.161,-0.02
516.512,-0.02
516.864,-0.02
517.215,-0.02
517.566,-0.02
517.917,-0.02
518.268,-0.02
518.619,-0.01
518.97,-0.01
519.321,-0.02
519.672,-0.01
520.023,-0.01
520.374,-0.02
520.725,-0.02
521.075,-0.01
521.426,-0.01
521.777,-0.02
522.127,-0.02
522.478,-0.02
522.828,-0.02
523.179,-0.02
523.529,-0.02
523.88,-0.02
524.23,-0.02
524.58,-0.03
524.93,-0.03
525.281,-0.02
525.631,-0.02
525.981,-0.02
526.331,-0.02
526.681,-0.02
527.031,-0.02
527.381,-0.02
527.731,-0.02
528.081,-0.02
528.43,-0.02
528.78,-0.02
529.13,-0.02
529.48,-0.01
529.829,-0.02
530.179,-0.01
530.528,-0.01
530.878,-0.01
531.227,-0.01
531.577,-0.01
531.926,-0.02
532.275,-0.01
532.625,-0.01
532.974,-0.01
533.323,-0.01
533.672,-0.01
534.021,-0.01
534.37,-0.01
534.719,-0.01
535.068,-0.02
535.417,-0.02
535.766,-0.02
536.115,-0.02
536.464,-0.02
536.812,-0.02
537.161,-0.02
537.51,-0.02
537.858,-0.02
538.207,-0.02
538.555,-0.02
538.904,-0.02
539.252,-0.02
539.601,-0.03
539.949,-0.03
540.297,-0.02
540.646,-0.03
540.994,-0.02
541.342,-0.02
541.69,-0.02
542.038,-0.02
542.386,-0.02
542.734,-0.02
543.082,-0.02
543.43,-0.02
543.778,-0.03
544.126,-0.03
544.473,-0.03
544.821,-0.03
545.169,-0.03
545.516,-0.03
545.864,-0.02
546.211,-0.02
546.559,-0.02
546.906,-0.02
547.254,-0.03
547.601,-0.03
547.948,-0.03
548.296,-0.02
548.643,-0.02
548.99,-0.02
549.337,-0.03
549.684,-0.02
550.031,-0.02
550.378,-0.02
550.725,-0.02
551.072,-0.02
551.419,-0.02
551.766,-0.02
552.112,-0.02
552.459,-0.02
552.806,-0.02
553.152,-0.02
553.499,-0.02
553.845,-0.02
554.192,-0.02
554.538,-0.02
554.885,-0.02
555.231,-0.01
555.577,-0.01
555.924,-0.01
556.27,-0.01
556.616,-0.01
556.962,-0.01
557.308,-0.01
557.654,-0.01
558,-0.01
558.346,-0.02
558.692,-0.01
559.038,-0.01
559.384,-0.01
559.73,-0.02
560.075,-0.01
560.421,-0.01
560.766,-0.01
561.112,-0.01
561.458,-0.01
561.803,-0.01
562.149,-0.01
562.494,-0.02
562.839,-0.02
563.185,-0.01
563.53,-0.01
563.875,-0.01
564.22,-0.01
564.565,-0.01
564.91,-0.01
565.255,-0.01
565.6,-0.01
565.945,-0.01
566.29,-0.01
566.635,-0.02
566.98,-0.02
567.325,-0.02
567.669,-0.02
568.014,-0.02
568.358,-0.02
568.703,-0.02
569.048,-0.02
569.392,-0.02
569.736,-0.02
570.081,-0.02
570.425,-0.02
570.769,-0.02
571.114,-0.02
571.458,-0.02
571.802,-0.02
572.146,-0.01
572.49,-0.02
572.834,-0.02
573.178,-0.02
573.522,-0.02
573.866,-0.02
574.21,-0.01
574.554,-0.01
574.897,-0.01
575.241,-0.01
575.585,-0.01
575.928,-0.01
576.272,-0.01
576.615,-0.01
576.959,-0.01
577.302,-0.01
577.645,-0.01
577.989,-0.02
578.332,-0.01
578.675,-0.01
579.018,-0.01
579.362,-0.01
579.705,-0.02
580.048,-0.02
580.391,-0.02
580.734,-0.02
581.077,-0.02
581.419,-0.02
581.762,-0.02
582.105,-0.02
582.448,-0.02
582.79,-0.02
583.133,-0.02
583.475,-0.02
583.818,-0.02
584.16,-0.01
584.503,-0.01
584.845,-0.01
585.188,-0.01
585.53,-0.01
585.872,-0.01
586.214,-0.01
586.557,-0.01
586.899,-0.01
587.241,-0.01
587.583,-0.01
587.925,-0.01
588.267,-0.01
588.608,-0.01
588.95,-0.01
589.292,-0.02
589.634,-0.02
589.975,-0.02
590.317,-0.02
590.659,-0.02
591,-0.02
591.342,-0.02
591.683,-0.02
592.025,-0.03
592.366,-0.02
592.707,-0.02
593.048,-0.02
593.39,-0.02
593.731,-0.02
594.072,-0.02
594.413,-0.02
594.754,-0.02
595.095,-0.01
595.436,-0.01
595.777,-0.01
596.118,-0.01
596.458,-0.01
596.799,-0.01
597.14,-0.01
597.481,-0.01
597.821,-0.01
598.162,-0.01
598.502,-0.01
598.843,-0.01
599.183,-0.01
599.523,-0.01
599.864,-0.01
600.204,-0.02
600.544,-0.02
600.884,-0.02
601.225,-0.02
601.565,-0.02
601.905,-0.02
602.245,-0.02
602.585,-0.02
602.924,-0.02
603.264,-0.01
603.604,-0.02
603.944,-0.02
604.284,-0.02
604.623,-0.01
604.963,-0.01
605.302,-0.01
605.642,-0.01
605.981,-0.01
606.321,-0.01
606.66,-0.01
606.999,-0.01
607.339,-0.01
607.678,-0.01
608.017,-0.01
608.356,-0.01
608.695,-0.01
609.034,-0.01
609.373,-0.01
609.712,-0.01
610.051,-0.01
610.39,-0.01
610.729,-0.01
611.068,-0.01
611.406,-0.01
611.745,-0.01
612.083,-0.01
612.422,-0.01
612.761,-0.01
613.099,-0.01
613.437,-0.02
613.776,-0.02
614.114,-0.02
614.452,-0.01
614.791,-0.02
615.129,-0.02
615.467,-0.02
615.805,-0.02
616.143,-0.02
616.481,-0.02
616.819,-0.02
617.157,-0.02
617.495,-0.02
617.832,-0.02
618.17,-0.02
618.508,-0.02
618.845,-0.02
619.183,-0.02
619.521,-0.02
619.858,-0.02
620.196,-0.02
620.533,-0.02
620.87,-0.02
621.208,-0.02
621.545,-0.02
621.882,-0.02
622.219,-0.02
622.556,-0.02
622.893,-0.02
623.23,-0.02
623.567,-0.02
623.904,-0.02
624.241,-0.02
624.578,-0.02
624.915,-0.01
625.252,-0.01
625.588,-0.01
625.925,-0.01
626.261,-0.01
626.598,-0.01
626.934,-0.01
627.271,-0.01
627.607,-0.01
627.944,-0.01
628.28,0
628.616,0
628.952,0
629.289,-0.01
629.625,-0.01
629.961,-0.01
630.297,-0.01
630.633,-0.01
630.969,-0.01
631.304,-0.01
631.64,-0.01
631.976,-0.01
632.312,-0.01
632.647,-0.01
632.983,-0.01
633.318,-0.01
633.654,-0.01
633.989,-0.01
634.325,-0.01
634.66,-0.01
634.996,-0.01
635.331,-0.01
635.666,-0.01
636.001,-0.01
636.336,-0.02
636.671,-0.01
637.006,-0.01
637.341,-0.02
637.676,-0.01
638.011,-0.01
638.346,-0.01
638.681,-0.02
639.016,-0.01
639.35,-0.01
639.685,-0.01
640.019,-0.02
640.354,-0.01
640.688,-0.01
641.023,-0.01
641.357,-0.01
641.692,0
642.026,0
642.36,0
642.694,0
643.029,0
643.363,0
643.697,0
644.031,0
644.365,0
644.698,0
645.032,-0.01
645.366,-0.01
645.7,-0.01
646.034,-0.01
646.367,-0.01
646.701,-0.01
647.034,-0.01
647.368,-0.01
647.701,-0.02
648.035,-0.02
648.368,-0.02
648.701,-0.02
649.035,-0.02
649.368,-0.02
649.701,-0.02
650.034,-0.02
650.367,-0.02
650.7,-0.02
651.033,-0.02
651.366,-0.02
651.699,-0.02
652.032,-0.02
652.365,-0.02
652.697,-0.02
653.03,-0.02
653.363,-0.02
653.695,-0.02
654.028,-0.02
654.36,-0.02
654.692,-0.02
655.025,-0.02
655.357,-0.02
655.689,-0.02
656.022,-0.02
656.354,-0.02
656.686,-0.02
657.018,-0.02
657.35,-0.02
657.682,-0.02
658.014,-0.02
658.346,-0.02
658.678,-0.02
659.009,-0.02
659.341,-0.02
659.673,-0.02
660.004,-0.02
660.336,-0.01
660.667,-0.01
660.999,-0.02
661.33,-0.02
661.662,-0.02
661.993,-0.02
662.324,-0.02
662.656,-0.02
662.987,-0.02
663.318,-0.02
663.649,-0.02
663.98,-0.02
664.311,-0.02
664.642,-0.02
664.973,-0.02
665.303,-0.02
665.634,-0.02
665.965,-0.02
666.296,-0.01
666.626,-0.01
666.957,-0.01
667.287,0
667.618,0
667.948,0
668.279,0
668.609,0
668.939,0
669.269,0
669.6,0
669.93,-0.01
670.26,-0.01
670.59,-0.01
670.92,-0.01
671.25,-0.01
671.58,-0.01
671.909,-0.01
672.239,-0.01
672.569,-0.01
672.898,-0.01
673.228,-0.01
673.558,-0.01
673.887,-0.01
674.217,-0.01
674.546,-0.01
674.875,-0.01
675.205,-0.01
675.534,-0.01
675.863,-0.01
676.192,-0.01
676.521,-0.01
676.851,-0.01
677.18,-0.01
677.508,-0.01
677.837,-0.01
678.166,-0.01
678.495,-0.01
678.824,-0.01
679.152,-0.01
679.481,0
679.81,-0.01
680.138,-0.01
680.467,-0.01
680.795,-0.01
681.124,-0.01
681.452,-0.01
681.78,-0.01
682.109,-0.01
682.437,-0.01
682.765,-0.01
683.093,-0.01
683.421,-0.01
683.749,-0.01
684.077,-0.01
684.405,-0.01
684.733,-0.01
685.06,-0.01
685.388,-0.01
685.716,-0.01
686.044,-0.01
686.371,-0.01
686.699,-0.02
687.026,-0.02
687.354,-0.02
687.681,-0.02
688.008,-0.02
688.336,-0.02
688.663,-0.02
688.99,-0.02
689.317,-0.02
689.644,-0.02
689.971,-0.02
690.298,-0.02
690.625,-0.02
690.952,-0.02
691.279,-0.02
691.606,-0.02
691.932,-0.02
692.259,-0.01
692.586,-0.01
692.912,-0.01
693.239,-0.01
693.565,-0.01
693.892,-0.01
694.218,-0.01
694.544,-0.01
694.87,-0.01
695.197,-0.01
695.523,-0.01
695.849,-0.01
696.175,-0.02
696.501,-0.02
696.827,-0.02
697.153,-0.02
697.479,-0.02
697.804,-0.02
698.13,-0.02
698.456,-0.02
698.781,-0.03
699.107,-0.02
699.433,-0.02
699.758,-0.02
700.084,-0.02
700.409,-0.02
700.734,-0.02
701.06,-0.02
701.385,-0.02
701.71,-0.02
702.035,-0.02
702.36,-0.01
702.685,-0.02
703.01,-0.02
703.335,-0.02
703.66,-0.02
703.985,-0.01
704.309,-0.02
704.634,-0.02
704.959,-0.02
705.283,-0.01
705.608,-0.01
705.932,-0.01
706.257,-0.01
706.581,-0.01
706.906,-0.01
707.23,-0.01
707.554,-0.01
707.878,-0.02
708.203,-0.02
708.527,-0.01
708.851,-0.01
709.175,-0.01
709.499,-0.02
709.822,-0.02
710.146,-0.02
710.47,-0.02
710.794,-0.02
711.117,-0.02
711.441,-0.02
711.765,-0.03
712.088,-0.03
712.412,-0.02
712.735,-0.03
713.058,-0.02
713.382,-0.02
713.705,-0.02
714.028,-0.02
714.351,-0.02
714.674,-0.02
714.997,-0.02
715.32,-0.01
715.643,-0.01
715.966,-0.01
716.289,-0.01
716.612,-0.01
716.935,-0.02
717.257,-0.02
717.58,-0.02
717.902,-0.02
718.225,-0.02
718.547,-0.02
718.87,-0.02
719.192,-0.02
719.515,-0.02
719.837,-0.02
720.159,-0.02
720.481,-0.02
720.803,-0.02
721.125,-0.02
721.447,-0.03
721.769,-0.03
722.091,-0.03
722.413,-0.02
722.735,-0.02
723.057,-0.02
723.378,-0.02
723.7,-0.02
724.021,-0.02
724.343,-0.02
724.664,-0.02
724.986,-0.02
725.307,-0.02
725.628,-0.02
725.95,-0.02
726.271,-0.02
726.592,-0.02
726.913,-0.02
727.234,-0.01
727.555,-0.02
727.876,-0.02
728.197,-0.02
728.518,-0.02
728.839,-0.02
729.159,-0.02
729.48,-0.02
729.801,-0.02
730.121,-0.02
730.442,-0.02
730.762,-0.02
731.083,-0.02
731.403,-0.02
731.723,-0.02
732.044,-0.01
732.364,-0.01
732.684,0
733.004,0
733.324,0
733.644,0
733.964,0
734.284,0
734.604,0
734.924,0
735.243,0
735.563,0
735.883,0
736.202,0
736.522,0
736.841,0
737.161,0
737.48,0
737.799,0
738.118,0
738.438,0
738.757,0
739.076,0
739.395,0.01
739.714,0.01
740.033,0.01
740.352,0.01
740.671,0.02
740.989,0.02
741.308,0.02
741.627,0.02
741.945,0.02
742.264,0.03
742.582,0.03
742.901,0.03
743.219,0.03
743.537,0.04
743.856,0.04
744.174,0.04
744.492,0.05
744.81,0.05
745.128,0.06
745.446,0.06
745.764,0.06
746.082,0.06
746.4,0.07
746.718,0.07
747.036,0.07
747.353,0.07
747.671,0.07
747.989,0.07
748.306,0.07
748.624,0.07
748.941,0.07
749.258,0.07
749.576,0.06
749.893,0.06
750.21,0.06
750.527,0.06
750.845,0.07
751.162,0.06
751.479,0.07
751.796,0.07
752.112,0.07
752.429,0.06
752.746,0.06
753.063,0.07
753.379,0.07
753.696,0.07
754.013,0.07
754.329,0.08
754.646,0.08
754.962,0.09
755.278,0.09
755.595,0.08
755.911,0.08
756.227,0.08
756.543,0.08
756.859,0.08
757.175,0.07
757.491,0.08
757.807,0.08
758.123,0.08
758.439,0.08
758.755,0.09
759.07,0.09
759.386,0.09
759.702,0.09
760.017,0.09
760.333,0.09
760.648,0.1
760.963,0.11
761.279,0.1
761.594,0.1
761.909,0.11
762.224,0.11
762.539,0.11
762.855,0.11
763.17,0.11
763.484,0.11
763.799,0.11
764.114,0.11
764.429,0.11
764.744,0.12
765.058,0.12
765.373,0.12
765.688,0.13
766.002,0.13
766.316,0.13
766.631,0.15
766.945,0.16
767.26,0.16
767.574,0.17
767.888,0.18
768.202,0.19
768.516,0.19
768.83,0.2
769.144,0.21
769.458,0.22
769.772,0.23
770.086,0.23
770.399,0.24
770.713,0.25
771.027,0.26
771.34,0.27
771.654,0.27
771.967,0.27
772.281,0.27
772.594,0.28
772.907,0.29
773.221,0.3
773.534,0.31
773.847,0.32
774.16,0.33
774.473,0.33
774.786,0.34
775.099,0.34
775.412,0.35
775.725,0.36
776.037,0.37
776.35,0.37
776.663,0.37
776.975,0.39
777.288,0.41
777.6,0.43
777.913,0.46
778.225,0.47
778.537,0.48
778.85,0.5
779.162,0.52
779.474,0.53
779.786,0.56
780.098,0.57
780.41,0.6
780.722,0.62
781.034,0.64
781.346,0.66
781.658,0.69
781.969,0.71
782.281,0.74
782.593,0.75
782.904,0.76
783.216,0.78
783.527,0.8
783.838,0.82
784.15,0.84
784.461,0.86
784.772,0.88
785.083,0.9
785.394,0.93
785.705,0.95
786.016,0.98
786.327,0.99
786.638,1.02
786.949,1.06
787.26,1.07
787.571,1.11
787.881,1.15
788.192,1.18
788.502,1.21
788.813,1.24
789.123,1.27
789.434,1.29
789.744,1.32
790.054,1.36
790.364,1.38
790.675,1.41
790.985,1.44
791.295,1.48
791.605,1.52
791.915,1.57
792.225,1.6
792.534,1.63
792.844,1.68
793.154,1.71
793.464,1.76
793.773,1.8
794.083,1.83
794.392,1.87
794.702,1.92
795.011,1.97
795.32,2.02
795.63,2.07
795.939,2.11
796.248,2.15
796.557,2.19
796.866,2.25
797.175,2.3
797.484,2.35
797.793,2.42
798.102,2.47
798.41,2.51
798.719,2.58
799.028,2.64
799.336,2.71
799.645,2.78
799.953,2.83
800.262,2.89
800.57,2.95
800.878,3
801.187,3.08
801.495,3.16
801.803,3.24
802.111,3.3
802.419,3.36
802.727,3.41
803.035,3.49
803.343,3.58
803.651,3.67
803.959,3.77
804.266,3.86
804.574,3.97
804.881,4.07
805.189,4.18
805.496,4.27
805.804,4.38
806.111,4.48
806.419,4.59
806.726,4.71
807.033,4.8
807.34,4.89
807.647,4.99
807.954,5.09
808.261,5.21
808.568,5.33
808.875,5.46
809.182,5.61
809.488,5.96
809.795,6.09
810.102,6.22
810.408,6.35
810.715,6.48
811.021,6.66
811.328,6.79
811.634,6.93
811.94,7.07
812.247,7.2
812.553,7.41
812.859,7.59
813.165,7.71
813.471,7.87
813.777,8.02
814.083,8.15
814.389,8.29
814.694,8.22
815,8.41
815.306,8.58
815.611,8.76
815.917,8.95
816.222,9.17
816.528,9.31
816.833,9.51
817.138,9.72
817.444,9.87
817.749,10.06
818.054,10.22
818.359,10.37
818.664,10.57
818.969,10.72
819.274,10.92
819.579,11.15
819.884,11.32
820.189,11.48
820.493,11.69
820.798,11.89
821.102,12.03
821.407,12.23
821.711,12.47
822.016,12.73
822.32,12.94
822.625,13.19
822.929,13.43
823.233,13.69
823.537,13.96
823.841,14.21
824.145,14.42
824.449,14.61
824.753,14.83
825.057,15.06
825.361,15.42
825.664,15.71
825.968,16.01
826.272,16.29
826.575,16.56
826.879,16.86
827.182,17.08
827.485,17.3
827.789,17.53
828.092,17.86
828.395,18.19
828.698,18.46
829.002,18.67
829.305,19.03
829.608,19.28
829.91,19.55
830.213,19.86
830.516,20.14
830.819,20.49
831.122,20.78
831.424,21.08
831.727,21.41
832.029,21.79
832.332,21.9
832.634,22.28
832.937,22.52
833.239,22.92
833.541,23.28
833.843,23.67
834.145,24.03
834.447,24.44
834.749,24.76
835.051,25.18
835.353,25.42
835.655,25.76
835.957,26.1
836.259,26.41
836.56,26.69
836.862,26.94
837.163,27.27
837.465,27.62
837.766,27.9
838.068,28.25
838.369,28.78
838.67,29.19
838.971,29.53
839.272,29.79
839.574,30.28
839.875,30.7
840.176,31.05
840.476,31.3
840.777,31.7
841.078,32.24
841.379,32.76
841.679,32.96
841.98,33.13
842.281,33.29
842.581,33.64
842.882,33.92
843.182,34.09
843.482,34.25
843.783,34.74
844.083,35.08
844.383,35.51
844.683,35.84
844.983,36.27
845.283,36.29
845.583,36.64
845.883,36.92
846.183,37.33
846.482,37.49
846.782,37.63
847.082,38.05
847.381,38.52
847.681,38.75
847.98,39.01
848.279,39.4
848.579,39.75
848.878,39.89
849.177,39.93
849.476,39.89
849.776,40.05
850.075,40.18
850.374,40.15
850.673,40.27
850.971,40.25
851.27,40.52
851.569,40.82
851.868,40.78
852.166,40.89
852.465,40.82
852.763,41.04
853.062,41.1
853.36,41.01
853.659,41.14
853.957,41.01
854.255,40.85
854.553,40.82
854.851,40.37
855.149,40.41
855.447,40.14
855.745,39.87
856.043,40.1
856.341,39.94
856.639,39.63
856.936,39.56
857.234,39.26
857.532,39.16
857.829,39.38
858.127,39.08
858.424,38.47
858.721,38.29
859.019,37.99
859.316,37.64
859.613,37.03
859.91,36.42
860.207,35.88
860.504,35.9
860.801,35.39
861.098,35.21
861.395,34.85
861.692,34.47
861.988,34.08
862.285,33.59
862.581,33.25
862.878,32.97
863.174,32.4
863.471,31.94
863.767,31.61
864.063,31.23
864.36,30.8
864.656,30.29
864.952,29.82
865.248,29.21
865.544,28.6
865.84,28.05
866.136,27.56
866.432,27.2
866.727,26.93
867.023,26.53
867.319,26.22
867.614,25.8
867.91,25.3
868.205,24.77
868.501,24.33
868.796,23.8
869.091,23.28
869.386,22.89
869.682,22.23
869.977,21.75
870.272,21.36
870.567,20.96
870.862,20.56
871.156,20.09
871.451,19.69
871.746,19.3
872.041,19.01
872.335,18.78
872.63,18.44
872.924,18.18
873.219,17.84
873.513,17.57
873.808,17.33
874.102,17.01
874.396,16.58
874.69,16.22
874.984,15.7
875.278,15.36
875.572,15.17
875.866,14.8
876.16,14.47
876.454,14.1
876.748,13.91
877.041,13.64
877.335,13.32
877.628,12.97
877.922,12.66
878.215,12.35
878.509,12.05
878.802,11.8
879.095,11.56
879.388,11.47
879.682,11.34
879.975,11.34
880.268,11.27
880.561,11.2
880.853,11.02
881.146,10.91
881.439,10.68