wl,grey,white
176.12,0.00E+00,0.00E+00
176.5,0.00E+00,0.00E+00
176.89,0.00E+00,0.00E+00
177.28,0.00E+00,0.00E+00
177.67,0.00E+00,0.00E+00
178.06,0.00E+00,0.00E+00
178.45,0.00E+00,0.00E+00
178.84,0.00E+00,0.00E+00
179.22,0.00E+00,0.00E+00
179.61,0.00E+00,0.00E+00
180,0.00E+00,0.00E+00
180.39,0.00E+00,0.00E+00
180.78,0.00E+00,0.00E+00
181.16,0.00E+00,0.00E+00
181.55,0.00E+00,0.00E+00
181.94,0.00E+00,0.00E+00
182.33,0.00E+00,0.00E+00
182.72,0.00E+00,0.00E+00
183.1,0.00E+00,0.00E+00
183.49,0.00E+00,0.00E+00
183.88,0.00E+00,0.00E+00
184.27,0.00E+00,0.00E+00
184.66,0.00E+00,0.00E+00
185.04,0.00E+00,0.00E+00
185.43,0.00E+00,0.00E+00
185.82,0.00E+00,0.00E+00
186.21,0.00E+00,0.00E+00
186.59,0.00E+00,0.00E+00
186.98,0.00E+00,0.00E+00
187.37,0.00E+00,0.00E+00
187.76,0.00E+00,0.00E+00
188.15,0.00E+00,0.00E+00
188.53,0.00E+00,0.00E+00
188.92,0.00E+00,0.00E+00
189.31,0.00E+00,0.00E+00
189.69,0.00E+00,0.00E+00
190.08,0.00E+00,0.00E+00
190.47,0.00E+00,0.00E+00
190.86,0.00E+00,0.00E+00
191.24,0.00E+00,0.00E+00
191.63,0.00E+00,0.00E+00
192.02,0.00E+00,0.00E+00
192.41,0.00E+00,0.00E+00
192.79,0.00E+00,0.00E+00
193.18,0.00E+00,0.00E+00
193.57,0.00E+00,0.00E+00
193.95,0.00E+00,0.00E+00
194.34,0.00E+00,0.00E+00
194.73,0.00E+00,0.00E+00
195.11,0.00E+00,0.00E+00
195.5,0.00E+00,0.00E+00
195.89,0.00E+00,0.00E+00
196.27,0.00E+00,0.00E+00
196.66,0.00E+00,0.00E+00
197.05,0.00E+00,0.00E+00
197.43,0.00E+00,0.00E+00
197.82,0.00E+00,0.00E+00
198.21,0.00E+00,0.00E+00
198.59,0.00E+00,0.00E+00
198.98,0.00E+00,0.00E+00
199.37,0.00E+00,0.00E+00
199.75,0.00E+00,0.00E+00
200.14,5.65E+00,5.32E+00
200.53,3.26E+00,2.85E+00
200.91,3.20E+00,2.53E+00
201.3,3.02E+00,2.45E+00
201.68,3.21E+00,2.65E+00
202.07,3.52E+00,2.39E+00
202.46,4.08E+00,2.78E+00
202.84,3.82E+00,2.80E+00
203.23,4.01E+00,3.07E+00
203.61,3.46E+00,2.63E+00
204,3.21E+00,2.78E+00
204.39,3.07E+00,2.64E+00
204.77,3.74E+00,3.22E+00
205.16,3.47E+00,2.81E+00
205.54,3.14E+00,3.02E+00
205.93,3.46E+00,3.15E+00
206.32,3.66E+00,3.05E+00
206.7,3.44E+00,3.12E+00
207.09,2.98E+00,2.80E+00
207.47,2.85E+00,2.30E+00
207.86,2.25E+00,1.93E+00
208.24,1.92E+00,1.76E+00
208.63,2.00E+00,1.70E+00
209.02,1.98E+00,1.72E+00
209.4,1.82E+00,1.68E+00
209.79,1.75E+00,1.76E+00
210.17,1.56E+00,1.53E+00
210.56,1.62E+00,1.59E+00
210.94,1.72E+00,1.49E+00
211.33,1.54E+00,1.43E+00
211.71,1.44E+00,1.21E+00
212.1,1.29E+00,1.17E+00
212.48,1.06E+00,1.15E+00
212.87,1.01E+00,1.10E+00
213.25,9.65E-01,8.82E-01
213.64,1.04E+00,8.87E-01
214.02,1.10E+00,8.55E-01
214.41,9.27E-01,7.30E-01
214.79,8.28E-01,8.57E-01
215.18,7.28E-01,8.13E-01
215.56,6.90E-01,7.76E-01
215.95,6.72E-01,7.26E-01
216.33,7.26E-01,6.86E-01
216.72,7.19E-01,6.92E-01
217.1,7.16E-01,6.15E-01
217.49,6.44E-01,6.89E-01
217.87,6.71E-01,5.98E-01
218.26,5.40E-01,4.61E-01
218.64,4.62E-01,4.42E-01
219.03,4.32E-01,4.41E-01
219.41,3.93E-01,3.75E-01
219.79,3.63E-01,3.56E-01
220.18,3.23E-01,3.37E-01
220.56,3.83E-01,4.01E-01
220.95,3.86E-01,3.61E-01
221.33,3.52E-01,3.47E-01
221.72,2.85E-01,3.36E-01
222.1,3.23E-01,3.35E-01
222.48,2.62E-01,2.86E-01
222.87,3.02E-01,2.62E-01
223.25,3.30E-01,3.04E-01
223.64,3.25E-01,3.63E-01
224.02,3.64E-01,4.45E-01
224.41,2.52E-01,3.78E-01
224.79,2.22E-01,2.97E-01
225.17,2.43E-01,2.88E-01
225.56,2.23E-01,2.24E-01
225.94,1.64E-01,2.77E-01
226.32,1.47E-01,3.28E-01
226.71,1.22E-01,2.90E-01
227.09,1.41E-01,2.64E-01
227.48,1.37E-01,2.12E-01
227.86,1.76E-01,2.01E-01
228.24,1.91E-01,2.08E-01
228.63,2.36E-01,2.29E-01
229.01,2.23E-01,2.23E-01
229.39,2.18E-01,2.25E-01
229.78,1.88E-01,2.34E-01
230.16,1.95E-01,1.78E-01
230.54,1.72E-01,2.09E-01
230.93,1.89E-01,2.17E-01
231.31,1.89E-01,2.12E-01
231.69,1.98E-01,2.33E-01
232.08,1.89E-01,2.13E-01
232.46,2.23E-01,2.17E-01
232.84,1.86E-01,2.13E-01
233.23,1.86E-01,2.36E-01
233.61,1.97E-01,2.58E-01
233.99,1.95E-01,2.64E-01
234.38,2.29E-01,2.54E-01
234.76,2.06E-01,2.56E-01
235.14,2.12E-01,2.60E-01
235.53,1.92E-01,2.64E-01
235.91,1.70E-01,2.42E-01
236.29,1.43E-01,2.07E-01
236.67,1.34E-01,1.93E-01
237.06,1.56E-01,2.03E-01
237.44,1.57E-01,2.15E-01
237.82,1.79E-01,2.35E-01
238.21,1.75E-01,2.41E-01
238.59,1.78E-01,2.30E-01
238.97,1.60E-01,1.93E-01
239.35,1.54E-01,1.97E-01
239.74,1.57E-01,1.94E-01
240.12,1.51E-01,1.95E-01
240.5,1.31E-01,1.82E-01
240.88,1.27E-01,1.55E-01
241.27,1.14E-01,1.36E-01
241.65,1.18E-01,1.30E-01
242.03,1.24E-01,1.33E-01
242.41,1.25E-01,1.40E-01
242.79,1.25E-01,1.45E-01
243.18,1.19E-01,1.33E-01
243.56,1.09E-01,1.30E-01
243.94,1.04E-01,1.22E-01
244.32,9.33E-02,1.07E-01
244.7,8.75E-02,9.94E-02
245.09,8.15E-02,9.40E-02
245.47,7.60E-02,8.85E-02
245.85,7.07E-02,8.10E-02
246.23,6.16E-02,6.75E-02
246.61,6.05E-02,5.51E-02
247,5.77E-02,5.97E-02
247.38,6.29E-02,5.79E-02
247.76,6.71E-02,5.70E-02
248.14,6.29E-02,4.99E-02
248.52,6.45E-02,4.84E-02
248.9,6.94E-02,4.92E-02
249.29,6.87E-02,4.56E-02
249.67,6.67E-02,4.15E-02
250.05,6.11E-02,3.56E-02
250.43,5.17E-02,2.25E-02
250.81,5.19E-02,1.22E-02
251.19,4.68E-02,1.27E-02
251.57,5.40E-02,2.54E-02
251.96,5.97E-02,3.11E-02
252.34,5.56E-02,3.15E-02
252.72,5.25E-02,2.76E-02
253.1,5.09E-02,2.52E-02
253.48,4.81E-02,3.16E-02
253.86,4.72E-02,3.04E-02
254.24,4.41E-02,3.10E-02
254.62,4.06E-02,2.53E-02
255.01,4.51E-02,1.36E-02
255.39,4.30E-02,6.59E-03
255.77,4.73E-02,1.20E-02
256.15,4.52E-02,9.24E-03
256.53,4.77E-02,9.82E-03
256.91,4.90E-02,1.02E-02
257.29,5.23E-02,2.19E-02
257.67,5.35E-02,1.77E-02
258.05,5.61E-02,2.12E-02
258.43,5.49E-02,2.08E-02
258.81,5.91E-02,2.01E-02
259.19,5.89E-02,2.34E-02
259.57,5.02E-02,2.05E-02
259.95,5.03E-02,1.92E-02
260.34,4.96E-02,2.39E-02
260.72,4.61E-02,2.54E-02
261.1,4.39E-02,2.62E-02
261.48,4.74E-02,2.70E-02
261.86,4.88E-02,2.79E-02
262.24,5.15E-02,3.45E-02
262.62,5.63E-02,3.84E-02
263,5.88E-02,3.73E-02
263.38,5.94E-02,4.62E-02
263.76,6.39E-02,4.89E-02
264.14,6.37E-02,4.86E-02
264.52,6.36E-02,4.47E-02
264.9,6.60E-02,5.02E-02
265.28,6.85E-02,5.20E-02
265.66,7.34E-02,5.64E-02
266.04,7.59E-02,5.65E-02
266.42,7.39E-02,5.78E-02
266.8,7.72E-02,6.08E-02
267.18,7.98E-02,5.96E-02
267.56,7.57E-02,6.23E-02
267.94,7.56E-02,6.74E-02
268.32,7.70E-02,6.70E-02
268.7,7.75E-02,6.71E-02
269.08,7.52E-02,6.88E-02
269.45,7.25E-02,7.13E-02
269.83,7.17E-02,6.56E-02
270.21,6.80E-02,6.65E-02
270.59,6.60E-02,6.14E-02
270.97,6.48E-02,6.28E-02
271.35,6.24E-02,6.51E-02
271.73,6.98E-02,6.98E-02
272.11,7.29E-02,6.70E-02
272.49,7.27E-02,6.38E-02
272.87,7.27E-02,6.49E-02
273.25,7.48E-02,6.84E-02
273.63,7.43E-02,6.85E-02
274.01,7.52E-02,6.92E-02
274.39,6.87E-02,6.68E-02
274.76,6.60E-02,6.69E-02
275.14,6.46E-02,6.35E-02
275.52,6.78E-02,7.12E-02
275.9,7.23E-02,7.33E-02
276.28,6.68E-02,6.80E-02
276.66,6.33E-02,6.22E-02
277.04,5.91E-02,6.48E-02
277.42,5.52E-02,5.80E-02
277.79,5.59E-02,5.74E-02
278.17,4.82E-02,5.41E-02
278.55,5.00E-02,5.75E-02
278.93,4.99E-02,5.31E-02
279.31,4.61E-02,5.32E-02
279.69,4.50E-02,5.34E-02
280.07,4.76E-02,5.65E-02
280.44,4.93E-02,5.62E-02
280.82,4.63E-02,5.39E-02
281.2,4.26E-02,5.55E-02
281.58,4.41E-02,5.68E-02
281.96,4.38E-02,5.26E-02
282.34,4.30E-02,5.23E-02
282.71,4.20E-02,5.03E-02
283.09,4.30E-02,5.59E-02
283.47,3.77E-02,4.74E-02
283.85,3.93E-02,4.87E-02
284.23,3.63E-02,4.25E-02
284.6,3.39E-02,4.38E-02
284.98,3.02E-02,4.35E-02
285.36,2.94E-02,4.09E-02
285.74,3.04E-02,3.85E-02
286.12,3.18E-02,3.77E-02
286.49,3.14E-02,3.40E-02
286.87,3.47E-02,3.51E-02
287.25,3.74E-02,3.14E-02
287.63,3.67E-02,3.31E-02
288,3.58E-02,2.77E-02
288.38,3.10E-02,2.24E-02
288.76,3.51E-02,2.43E-02
289.14,3.83E-02,2.87E-02
289.52,3.70E-02,2.41E-02
289.89,3.27E-02,2.35E-02
290.27,2.74E-02,1.80E-02
290.65,3.06E-02,1.94E-02
291.02,2.61E-02,1.79E-02
291.4,2.68E-02,2.14E-02
291.78,2.76E-02,2.03E-02
292.16,2.80E-02,2.20E-02
292.53,2.63E-02,2.16E-02
292.91,2.37E-02,2.10E-02
293.29,2.34E-02,2.16E-02
293.66,2.66E-02,1.80E-02
294.04,2.28E-02,1.47E-02
294.42,2.14E-02,1.49E-02
294.8,2.33E-02,1.39E-02
295.17,2.41E-02,1.42E-02
295.55,2.33E-02,1.20E-02
295.93,2.61E-02,1.46E-02
296.3,2.65E-02,1.22E-02
296.68,2.43E-02,1.45E-02
297.06,2.16E-02,1.36E-02
297.43,2.29E-02,1.49E-02
297.81,2.33E-02,1.54E-02
298.19,2.52E-02,1.57E-02
298.56,2.32E-02,1.61E-02
298.94,1.83E-02,1.74E-02
299.32,1.54E-02,1.61E-02
299.69,1.10E-02,1.48E-02
300.07,1.16E-02,1.44E-02
300.45,8.18E-03,1.47E-02
300.82,6.74E-03,1.40E-02
301.2,5.72E-03,1.32E-02
301.57,2.03E-03,9.27E-03
301.95,1.37E-03,1.03E-02
302.33,7.35E-03,1.19E-02
302.7,1.21E-02,1.69E-02
303.08,1.06E-02,2.00E-02
303.45,1.53E-02,2.02E-02
303.83,1.60E-02,2.10E-02
304.21,1.50E-02,2.21E-02
304.58,1.64E-02,1.94E-02
304.96,1.64E-02,1.76E-02
305.33,2.08E-02,1.84E-02
305.71,2.39E-02,1.90E-02
306.09,2.59E-02,2.01E-02
306.46,2.75E-02,1.99E-02
306.84,2.71E-02,2.05E-02
307.21,2.73E-02,2.08E-02
307.59,2.87E-02,2.30E-02
307.96,2.79E-02,2.20E-02
308.34,2.86E-02,2.24E-02
308.72,2.65E-02,2.15E-02
309.09,2.65E-02,2.17E-02
309.47,3.17E-02,2.33E-02
309.84,3.17E-02,2.23E-02
310.22,3.03E-02,2.19E-02
310.59,2.81E-02,2.17E-02
310.97,2.53E-02,2.03E-02
311.34,2.66E-02,2.05E-02
311.72,2.99E-02,2.04E-02
312.09,3.37E-02,2.27E-02
312.47,3.56E-02,2.23E-02
312.84,3.55E-02,2.13E-02
313.22,3.53E-02,2.20E-02
313.59,3.67E-02,2.35E-02
313.97,3.78E-02,2.40E-02
314.34,3.79E-02,2.32E-02
314.72,3.78E-02,2.47E-02
315.09,3.84E-02,2.56E-02
315.47,3.66E-02,2.25E-02
315.84,3.12E-02,2.26E-02
316.22,3.02E-02,1.97E-02
316.59,3.01E-02,2.17E-02
316.97,2.86E-02,2.39E-02
317.34,2.61E-02,2.23E-02
317.71,2.49E-02,2.03E-02
318.09,2.48E-02,1.96E-02
318.46,2.57E-02,2.00E-02
318.84,2.59E-02,2.00E-02
319.21,2.76E-02,1.81E-02
319.59,2.45E-02,1.77E-02
319.96,2.10E-02,1.50E-02
320.34,2.08E-02,1.26E-02
320.71,2.12E-02,1.11E-02
321.08,2.20E-02,1.02E-02
321.46,1.99E-02,1.19E-02
321.83,1.68E-02,9.36E-03
322.21,1.61E-02,1.07E-02
322.58,1.44E-02,1.05E-02
322.95,1.66E-02,1.27E-02
323.33,2.19E-02,1.61E-02
323.7,2.37E-02,1.57E-02
324.08,2.02E-02,1.30E-02
324.45,1.89E-02,1.33E-02
324.82,1.49E-02,1.10E-02
325.2,1.53E-02,1.24E-02
325.57,1.66E-02,1.30E-02
325.94,1.42E-02,1.06E-02
326.32,1.54E-02,9.36E-03
326.69,1.73E-02,1.11E-02
327.07,1.68E-02,9.53E-03
327.44,1.69E-02,9.10E-03
327.81,1.87E-02,8.79E-03
328.19,2.11E-02,7.27E-03
328.56,2.12E-02,9.06E-03
328.93,2.24E-02,6.43E-03
329.31,2.34E-02,6.82E-03
329.68,2.54E-02,7.27E-03
330.05,2.56E-02,9.37E-03
330.43,2.44E-02,9.34E-03
330.8,2.21E-02,1.00E-02
331.17,2.03E-02,1.08E-02
331.54,1.90E-02,1.21E-02
331.92,2.11E-02,1.39E-02
332.29,2.04E-02,1.13E-02
332.66,2.25E-02,1.43E-02
333.04,2.24E-02,1.32E-02
333.41,2.36E-02,1.64E-02
333.78,2.56E-02,1.50E-02
334.15,2.47E-02,1.48E-02
334.53,2.54E-02,1.37E-02
334.9,2.73E-02,1.52E-02
335.27,2.61E-02,1.15E-02
335.65,2.37E-02,9.32E-03
336.02,2.23E-02,8.64E-03
336.39,2.30E-02,1.06E-02
336.76,1.98E-02,9.39E-03
337.14,2.10E-02,1.06E-02
337.51,1.92E-02,9.09E-03
337.88,2.09E-02,8.75E-03
338.25,2.27E-02,1.09E-02
338.62,2.24E-02,1.36E-02
339,2.20E-02,1.30E-02
339.37,1.84E-02,1.06E-02
339.74,1.41E-02,9.00E-03
340.11,1.46E-02,1.06E-02
340.49,1.61E-02,1.26E-02
340.86,1.75E-02,1.12E-02
341.23,1.74E-02,1.23E-02
341.6,1.53E-02,1.28E-02
341.97,1.78E-02,1.29E-02
342.35,1.78E-02,1.39E-02
342.72,1.75E-02,1.29E-02
343.09,1.72E-02,1.33E-02
343.46,2.13E-02,1.50E-02
343.83,2.10E-02,1.50E-02
344.2,1.98E-02,1.33E-02
344.58,2.31E-02,1.68E-02
344.95,2.26E-02,1.64E-02
345.32,2.50E-02,2.01E-02
345.69,2.46E-02,2.11E-02
346.06,2.36E-02,1.85E-02
346.43,2.24E-02,1.74E-02
346.8,2.23E-02,1.73E-02
347.18,2.17E-02,1.36E-02
347.55,2.15E-02,1.62E-02
347.92,2.22E-02,1.94E-02
348.29,2.30E-02,1.88E-02
348.66,2.41E-02,2.00E-02
349.03,2.54E-02,1.97E-02
349.4,2.44E-02,1.96E-02
349.77,2.54E-02,2.04E-02
350.15,2.35E-02,2.27E-02
350.52,2.14E-02,1.98E-02
350.89,2.17E-02,1.76E-02
351.26,2.06E-02,1.72E-02
351.63,2.42E-02,1.97E-02
352,2.66E-02,2.12E-02
352.37,2.51E-02,1.94E-02
352.74,1.82E-02,1.43E-02
353.11,1.60E-02,1.54E-02
353.48,1.40E-02,1.20E-02
353.85,1.40E-02,9.34E-03
354.22,1.13E-02,8.81E-03
354.59,1.32E-02,9.02E-03
354.97,1.31E-02,1.11E-02
355.34,1.27E-02,1.13E-02
355.71,1.07E-02,8.94E-03
356.08,1.16E-02,1.07E-02
356.45,1.33E-02,1.09E-02
356.82,1.25E-02,1.17E-02
357.19,1.36E-02,1.36E-02
357.56,1.07E-02,1.12E-02
357.93,9.90E-03,8.51E-03
358.3,8.17E-03,9.79E-03
358.67,1.06E-02,1.25E-02
359.04,9.40E-03,1.36E-02
359.41,1.30E-02,2.02E-02
359.78,1.49E-02,2.05E-02
360.15,1.52E-02,1.76E-02
360.52,1.55E-02,1.95E-02
360.89,1.51E-02,1.60E-02
361.26,1.59E-02,1.68E-02
361.63,1.70E-02,1.89E-02
362,1.75E-02,1.85E-02
362.37,1.76E-02,1.51E-02
362.74,2.03E-02,1.91E-02
363.11,1.90E-02,1.98E-02
363.48,1.82E-02,1.89E-02
363.85,1.68E-02,1.86E-02
364.21,1.72E-02,1.72E-02
364.58,1.88E-02,1.84E-02
364.95,2.16E-02,1.87E-02
365.32,2.26E-02,1.80E-02
365.69,2.29E-02,1.97E-02
366.06,2.57E-02,2.21E-02
366.43,2.66E-02,2.45E-02
366.8,2.40E-02,2.14E-02
367.17,2.56E-02,2.22E-02
367.54,2.82E-02,2.29E-02
367.91,2.89E-02,2.58E-02
368.28,2.91E-02,2.19E-02
368.65,2.98E-02,2.43E-02
369.01,3.07E-02,2.43E-02
369.38,2.98E-02,2.14E-02
369.75,3.04E-02,2.14E-02
370.12,3.03E-02,2.33E-02
370.49,3.37E-02,2.46E-02
370.86,3.46E-02,2.44E-02
371.23,3.66E-02,2.55E-02
371.6,3.56E-02,1.98E-02
371.96,3.37E-02,1.64E-02
372.33,3.39E-02,1.69E-02
372.7,3.26E-02,1.50E-02
373.07,3.18E-02,1.84E-02
373.44,2.94E-02,1.70E-02
373.81,2.92E-02,1.54E-02
374.18,2.96E-02,1.64E-02
374.54,3.07E-02,2.01E-02
374.91,3.04E-02,1.95E-02
375.28,3.16E-02,1.99E-02
375.65,3.20E-02,2.14E-02
376.02,3.06E-02,1.86E-02
376.38,3.03E-02,1.82E-02
376.75,2.86E-02,1.84E-02
377.12,2.90E-02,1.94E-02
377.49,2.85E-02,1.74E-02
377.86,3.13E-02,1.80E-02
378.22,2.78E-02,1.47E-02
378.59,2.71E-02,1.30E-02
378.96,2.63E-02,1.47E-02
379.33,2.36E-02,1.19E-02
379.7,2.34E-02,1.29E-02
380.06,2.29E-02,1.07E-02
380.43,2.30E-02,1.40E-02
380.8,2.22E-02,1.18E-02
381.17,2.51E-02,1.36E-02
381.53,2.44E-02,1.30E-02
381.9,2.56E-02,1.41E-02
382.27,2.50E-02,1.26E-02
382.64,2.61E-02,1.39E-02
383,2.54E-02,1.49E-02
383.37,2.44E-02,1.47E-02
383.74,2.17E-02,1.46E-02
384.11,2.33E-02,1.73E-02
384.47,2.34E-02,1.66E-02
384.84,2.35E-02,1.77E-02
385.21,2.68E-02,1.69E-02
385.57,2.86E-02,1.67E-02
385.94,2.80E-02,1.81E-02
386.31,2.76E-02,2.00E-02
386.68,2.66E-02,1.68E-02
387.04,2.46E-02,1.52E-02
387.41,2.34E-02,1.46E-02
387.78,2.37E-02,1.26E-02
388.14,2.51E-02,1.42E-02
388.51,2.62E-02,1.49E-02
388.88,2.77E-02,1.43E-02
389.24,2.79E-02,1.46E-02
389.61,2.74E-02,1.57E-02
389.98,2.61E-02,1.56E-02
390.34,2.90E-02,1.72E-02
390.71,3.13E-02,2.02E-02
391.08,3.05E-02,1.86E-02
391.44,3.13E-02,1.84E-02
391.81,3.15E-02,1.90E-02
392.17,3.24E-02,1.94E-02
392.54,3.33E-02,1.88E-02
392.91,3.49E-02,2.05E-02
393.27,3.44E-02,1.99E-02
393.64,3.31E-02,2.05E-02
394.01,3.06E-02,2.01E-02
394.37,3.25E-02,2.11E-02
394.74,2.93E-02,2.02E-02
395.1,2.78E-02,1.77E-02
395.47,2.79E-02,1.64E-02
395.84,2.59E-02,1.66E-02
396.2,2.53E-02,1.83E-02
396.57,2.55E-02,1.66E-02
396.93,2.74E-02,1.85E-02
397.3,2.44E-02,1.89E-02
397.66,2.47E-02,2.13E-02
398.03,2.51E-02,2.28E-02
398.4,2.48E-02,2.02E-02
398.76,2.41E-02,2.10E-02
399.13,2.37E-02,2.11E-02
399.49,2.52E-02,2.25E-02
399.86,2.49E-02,2.51E-02
400.22,2.63E-02,2.72E-02
400.59,2.47E-02,2.68E-02
400.95,2.45E-02,2.75E-02
401.32,2.42E-02,2.57E-02
401.68,2.54E-02,2.59E-02
402.05,2.59E-02,2.71E-02
402.42,2.67E-02,2.89E-02
402.78,2.46E-02,2.53E-02
403.15,2.69E-02,2.73E-02
403.51,2.61E-02,2.70E-02
403.88,2.56E-02,2.70E-02
404.24,2.51E-02,2.64E-02
404.61,2.43E-02,2.65E-02
404.97,2.23E-02,2.59E-02
405.34,2.29E-02,2.63E-02
405.7,2.55E-02,2.56E-02
406.06,2.96E-02,3.00E-02
406.43,3.09E-02,3.17E-02
406.79,3.15E-02,3.22E-02
407.16,3.49E-02,3.62E-02
407.52,3.52E-02,3.70E-02
407.89,3.90E-02,3.65E-02
408.25,3.85E-02,3.46E-02
408.62,3.89E-02,3.84E-02
408.98,3.86E-02,3.85E-02
409.35,4.18E-02,4.03E-02
409.71,4.37E-02,3.98E-02
410.07,4.49E-02,3.79E-02
410.44,4.69E-02,3.98E-02
410.8,4.83E-02,3.96E-02
411.17,5.11E-02,4.13E-02
411.53,5.03E-02,4.14E-02
411.89,5.25E-02,4.13E-02
412.26,5.51E-02,4.31E-02
412.62,5.89E-02,4.61E-02
412.99,5.90E-02,4.58E-02
413.35,5.98E-02,4.74E-02
413.71,5.98E-02,4.85E-02
414.08,6.26E-02,4.87E-02
414.44,6.13E-02,4.78E-02
414.81,6.42E-02,5.16E-02
415.17,6.55E-02,5.40E-02
415.53,6.98E-02,5.79E-02
415.9,7.05E-02,5.60E-02
416.26,6.88E-02,5.86E-02
416.62,7.25E-02,6.06E-02
416.99,7.46E-02,6.23E-02
417.35,7.45E-02,6.28E-02
417.71,7.58E-02,6.81E-02
418.08,7.54E-02,6.79E-02
418.44,7.43E-02,6.77E-02
418.8,7.72E-02,6.87E-02
419.17,7.80E-02,6.92E-02
419.53,8.01E-02,7.23E-02
419.89,8.27E-02,7.65E-02
420.26,8.55E-02,8.08E-02
420.62,8.70E-02,8.14E-02
420.98,9.04E-02,8.50E-02
421.35,9.07E-02,8.62E-02
421.71,9.23E-02,8.98E-02
422.07,9.31E-02,9.23E-02
422.43,9.72E-02,9.45E-02
422.8,9.95E-02,9.97E-02
423.16,1.02E-01,1.05E-01
423.52,1.04E-01,1.10E-01
423.89,1.09E-01,1.16E-01
424.25,1.11E-01,1.21E-01
424.61,1.13E-01,1.25E-01
424.97,1.17E-01,1.33E-01
425.34,1.22E-01,1.41E-01
425.7,1.30E-01,1.48E-01
426.06,1.35E-01,1.57E-01
426.42,1.42E-01,1.67E-01
426.79,1.48E-01,1.75E-01
427.15,1.56E-01,1.84E-01
427.51,1.63E-01,1.94E-01
427.87,1.74E-01,2.09E-01
428.23,1.87E-01,2.23E-01
428.6,1.95E-01,2.36E-01
428.96,2.08E-01,2.51E-01
429.32,2.22E-01,2.69E-01
429.68,2.35E-01,2.84E-01
430.04,2.50E-01,2.98E-01
430.41,2.66E-01,3.20E-01
430.77,2.82E-01,3.41E-01
431.13,2.95E-01,3.61E-01
431.49,3.13E-01,3.82E-01
431.85,3.32E-01,4.07E-01
432.21,3.53E-01,4.31E-01
432.58,3.73E-01,4.58E-01
432.94,3.96E-01,4.86E-01
433.3,4.23E-01,5.16E-01
433.66,4.51E-01,5.47E-01
434.02,4.80E-01,5.81E-01
434.38,5.11E-01,6.19E-01
434.75,5.40E-01,6.57E-01
435.11,5.70E-01,6.96E-01
435.47,6.02E-01,7.36E-01
435.83,6.34E-01,7.78E-01
436.19,6.71E-01,8.20E-01
436.55,7.10E-01,8.68E-01
436.91,7.49E-01,9.17E-01
437.27,7.90E-01,9.70E-01
437.64,8.30E-01,1.02E+00
438,8.73E-01,1.08E+00
438.36,9.18E-01,1.14E+00
438.72,9.69E-01,1.20E+00
439.08,1.02E+00,1.26E+00
439.44,1.07E+00,1.33E+00
439.8,1.12E+00,1.39E+00
440.16,1.17E+00,1.46E+00
440.52,1.23E+00,1.53E+00
440.88,1.29E+00,1.61E+00
441.24,1.35E+00,1.69E+00
441.6,1.42E+00,1.77E+00
441.96,1.49E+00,1.87E+00
442.32,1.56E+00,1.96E+00
442.69,1.64E+00,2.05E+00
443.05,1.73E+00,2.16E+00
443.41,1.81E+00,2.26E+00
443.77,1.89E+00,2.36E+00
444.13,1.97E+00,2.47E+00
444.49,2.06E+00,2.58E+00
444.85,2.15E+00,2.70E+00
445.21,2.23E+00,2.82E+00
445.57,2.32E+00,2.93E+00
445.93,2.42E+00,3.05E+00
446.29,2.51E+00,3.17E+00
446.65,2.61E+00,3.30E+00
447.01,2.71E+00,3.42E+00
447.37,2.81E+00,3.55E+00
447.73,2.91E+00,3.67E+00
448.09,3.01E+00,3.80E+00
448.45,3.12E+00,3.93E+00
448.81,3.23E+00,4.07E+00
449.17,3.33E+00,4.20E+00
449.53,3.44E+00,4.33E+00
449.88,3.55E+00,4.46E+00
450.24,3.65E+00,4.60E+00
450.6,3.74E+00,4.72E+00
450.96,3.84E+00,4.84E+00
451.32,3.94E+00,4.96E+00
451.68,4.03E+00,5.09E+00
452.04,4.13E+00,5.21E+00
452.4,4.21E+00,5.32E+00
452.76,4.29E+00,5.43E+00
453.12,4.37E+00,5.52E+00
453.48,4.45E+00,5.63E+00
453.84,4.51E+00,5.71E+00
454.2,4.57E+00,5.78E+00
454.56,4.62E+00,5.86E+00
454.91,4.68E+00,5.93E+00
455.27,4.73E+00,5.99E+00
455.63,4.76E+00,6.04E+00
455.99,4.79E+00,6.07E+00
456.35,4.80E+00,6.09E+00
456.71,4.82E+00,6.10E+00
457.07,4.83E+00,6.12E+00
457.43,4.82E+00,6.11E+00
457.78,4.81E+00,6.11E+00
458.14,4.81E+00,6.10E+00
458.5,4.79E+00,6.07E+00
458.86,4.75E+00,6.02E+00
459.22,4.72E+00,5.97E+00
459.58,4.68E+00,5.93E+00
459.94,4.63E+00,5.87E+00
460.29,4.58E+00,5.81E+00
460.65,4.52E+00,5.73E+00
461.01,4.45E+00,5.65E+00
461.37,4.38E+00,5.57E+00
461.73,4.30E+00,5.47E+00
462.08,4.21E+00,5.35E+00
462.44,4.14E+00,5.25E+00
462.8,4.06E+00,5.15E+00
463.16,3.97E+00,5.04E+00
463.52,3.89E+00,4.93E+00
463.87,3.80E+00,4.81E+00
464.23,3.70E+00,4.70E+00
464.59,3.61E+00,4.58E+00
464.95,3.52E+00,4.46E+00
465.31,3.42E+00,4.35E+00
465.66,3.32E+00,4.23E+00
466.02,3.23E+00,4.11E+00
466.38,3.14E+00,3.99E+00
466.74,3.04E+00,3.87E+00
467.09,2.95E+00,3.75E+00
467.45,2.86E+00,3.63E+00
467.81,2.77E+00,3.51E+00
468.17,2.68E+00,3.41E+00
468.52,2.60E+00,3.30E+00
468.88,2.51E+00,3.19E+00
469.24,2.43E+00,3.08E+00
469.59,2.35E+00,2.98E+00
469.95,2.27E+00,2.88E+00
470.31,2.19E+00,2.79E+00
470.67,2.12E+00,2.70E+00
471.02,2.05E+00,2.61E+00
471.38,1.97E+00,2.52E+00
471.74,1.91E+00,2.44E+00
472.09,1.84E+00,2.35E+00
472.45,1.78E+00,2.27E+00
472.81,1.71E+00,2.19E+00
473.16,1.66E+00,2.12E+00
473.52,1.60E+00,2.05E+00
473.88,1.54E+00,1.98E+00
474.23,1.49E+00,1.92E+00
474.59,1.43E+00,1.85E+00
474.95,1.38E+00,1.79E+00
475.3,1.33E+00,1.72E+00
475.66,1.29E+00,1.66E+00
476.02,1.24E+00,1.60E+00
476.37,1.20E+00,1.55E+00
476.73,1.16E+00,1.49E+00
477.09,1.12E+00,1.44E+00
477.44,1.08E+00,1.39E+00
477.8,1.04E+00,1.35E+00
478.15,1.01E+00,1.30E+00
478.51,9.75E-01,1.26E+00
478.87,9.42E-01,1.21E+00
479.22,9.11E-01,1.17E+00
479.58,8.82E-01,1.13E+00
479.93,8.55E-01,1.10E+00
480.29,8.29E-01,1.06E+00
480.65,8.05E-01,1.03E+00
481,7.80E-01,9.99E-01
481.36,7.61E-01,9.70E-01
481.71,7.40E-01,9.44E-01
482.07,7.22E-01,9.22E-01
482.42,7.03E-01,8.98E-01
482.78,6.85E-01,8.74E-01
483.14,6.69E-01,8.51E-01
483.49,6.56E-01,8.33E-01
483.85,6.45E-01,8.17E-01
484.2,6.32E-01,8.02E-01
484.56,6.20E-01,7.90E-01
484.91,6.09E-01,7.75E-01
485.27,6.02E-01,7.64E-01
485.62,5.95E-01,7.54E-01
485.98,5.90E-01,7.47E-01
486.33,5.84E-01,7.40E-01
486.69,5.82E-01,7.37E-01
487.04,5.82E-01,7.34E-01
487.4,5.81E-01,7.32E-01
487.75,5.80E-01,7.32E-01
488.11,5.81E-01,7.34E-01
488.46,5.82E-01,7.36E-01
488.82,5.85E-01,7.40E-01
489.17,5.91E-01,7.46E-01
489.53,5.95E-01,7.49E-01
489.88,6.03E-01,7.58E-01
490.24,6.09E-01,7.68E-01
490.59,6.16E-01,7.80E-01
490.95,6.25E-01,7.91E-01
491.3,6.37E-01,8.04E-01
491.65,6.49E-01,8.19E-01
492.01,6.61E-01,8.35E-01
492.36,6.77E-01,8.50E-01
492.72,6.90E-01,8.68E-01
493.07,7.04E-01,8.87E-01
493.43,7.20E-01,9.07E-01
493.78,7.38E-01,9.26E-01
494.13,7.56E-01,9.46E-01
494.49,7.74E-01,9.68E-01
494.84,7.94E-01,9.93E-01
495.2,8.15E-01,1.02E+00
495.55,8.34E-01,1.04E+00
495.9,8.57E-01,1.07E+00
496.26,8.78E-01,1.09E+00
496.61,8.99E-01,1.12E+00
496.97,9.21E-01,1.15E+00
497.32,9.42E-01,1.18E+00
497.67,9.65E-01,1.20E+00
498.03,9.89E-01,1.23E+00
498.38,1.01E+00,1.26E+00
498.73,1.03E+00,1.29E+00
499.09,1.06E+00,1.32E+00
499.44,1.08E+00,1.35E+00
499.79,1.11E+00,1.38E+00
500.15,1.13E+00,1.41E+00
500.5,1.15E+00,1.44E+00
500.85,1.18E+00,1.47E+00
501.21,1.20E+00,1.50E+00
501.56,1.23E+00,1.53E+00
501.91,1.25E+00,1.56E+00
502.27,1.27E+00,1.58E+00
502.62,1.30E+00,1.61E+00
502.97,1.32E+00,1.64E+00
503.33,1.34E+00,1.67E+00
503.68,1.37E+00,1.71E+00
504.03,1.39E+00,1.74E+00
504.38,1.41E+00,1.76E+00
504.74,1.44E+00,1.79E+00
505.09,1.46E+00,1.82E+00
505.44,1.47E+00,1.84E+00
505.8,1.50E+00,1.87E+00
506.15,1.52E+00,1.90E+00
506.5,1.55E+00,1.94E+00
506.85,1.56E+00,1.96E+00
507.21,1.58E+00,1.98E+00
507.56,1.59E+00,2.00E+00
507.91,1.61E+00,2.02E+00
508.26,1.63E+00,2.04E+00
508.61,1.64E+00,2.06E+00
508.97,1.66E+00,2.08E+00
509.32,1.67E+00,2.10E+00
509.67,1.69E+00,2.11E+00
510.02,1.69E+00,2.12E+00
510.38,1.70E+00,2.13E+00
510.73,1.71E+00,2.14E+00
511.08,1.72E+00,2.16E+00
511.43,1.73E+00,2.17E+00
511.78,1.74E+00,2.19E+00
512.14,1.75E+00,2.20E+00
512.49,1.76E+00,2.21E+00
512.84,1.77E+00,2.22E+00
513.19,1.77E+00,2.23E+00
513.54,1.78E+00,2.24E+00
513.89,1.78E+00,2.26E+00
514.25,1.79E+00,2.26E+00
514.6,1.80E+00,2.27E+00
514.95,1.80E+00,2.28E+00
515.3,1.81E+00,2.29E+00
515.65,1.82E+00,2.30E+00
516,1.82E+00,2.30E+00
516.35,1.82E+00,2.31E+00
516.71,1.83E+00,2.32E+00
517.06,1.83E+00,2.32E+00
517.41,1.84E+00,2.33E+00
517.76,1.84E+00,2.33E+00
518.11,1.84E+00,2.34E+00
518.46,1.85E+00,2.35E+00
518.81,1.85E+00,2.35E+00
519.16,1.85E+00,2.36E+00
519.51,1.86E+00,2.36E+00
519.86,1.86E+00,2.37E+00
520.22,1.86E+00,2.37E+00
520.57,1.86E+00,2.37E+00
520.92,1.86E+00,2.37E+00
521.27,1.86E+00,2.37E+00
521.62,1.86E+00,2.38E+00
521.97,1.86E+00,2.38E+00
522.32,1.87E+00,2.38E+00
522.67,1.87E+00,2.39E+00
523.02,1.87E+00,2.39E+00
523.37,1.87E+00,2.39E+00
523.72,1.87E+00,2.39E+00
524.07,1.87E+00,2.40E+00
524.42,1.87E+00,2.40E+00
524.77,1.87E+00,2.40E+00
525.12,1.88E+00,2.40E+00
525.47,1.88E+00,2.40E+00
525.82,1.88E+00,2.41E+00
526.17,1.88E+00,2.40E+00
526.52,1.88E+00,2.41E+00
526.87,1.88E+00,2.41E+00
527.22,1.88E+00,2.41E+00
527.57,1.88E+00,2.41E+00
527.92,1.88E+00,2.41E+00
528.27,1.89E+00,2.41E+00
528.62,1.89E+00,2.41E+00
528.97,1.89E+00,2.41E+00
529.32,1.89E+00,2.41E+00
529.67,1.89E+00,2.41E+00
530.02,1.89E+00,2.41E+00
530.37,1.89E+00,2.41E+00
530.72,1.89E+00,2.41E+00
531.07,1.89E+00,2.41E+00
531.42,1.89E+00,2.41E+00
531.77,1.89E+00,2.41E+00
532.12,1.89E+00,2.41E+00
532.47,1.89E+00,2.41E+00
532.81,1.89E+00,2.41E+00
533.16,1.89E+00,2.41E+00
533.51,1.89E+00,2.41E+00
533.86,1.89E+00,2.41E+00
534.21,1.89E+00,2.40E+00
534.56,1.88E+00,2.40E+00
534.91,1.89E+00,2.40E+00
535.26,1.89E+00,2.40E+00
535.61,1.89E+00,2.40E+00
535.96,1.89E+00,2.40E+00
536.3,1.89E+00,2.40E+00
536.65,1.88E+00,2.40E+00
537,1.88E+00,2.40E+00
537.35,1.88E+00,2.40E+00
537.7,1.88E+00,2.40E+00
538.05,1.88E+00,2.39E+00
538.4,1.88E+00,2.39E+00
538.74,1.88E+00,2.39E+00
539.09,1.87E+00,2.39E+00
539.44,1.87E+00,2.38E+00
539.79,1.87E+00,2.38E+00
540.14,1.87E+00,2.38E+00
540.48,1.86E+00,2.37E+00
540.83,1.86E+00,2.37E+00
541.18,1.86E+00,2.37E+00
541.53,1.86E+00,2.37E+00
541.88,1.85E+00,2.37E+00
542.23,1.85E+00,2.37E+00
542.57,1.85E+00,2.36E+00
542.92,1.84E+00,2.36E+00
543.27,1.84E+00,2.36E+00
543.62,1.84E+00,2.36E+00
543.96,1.84E+00,2.35E+00
544.31,1.84E+00,2.35E+00
544.66,1.84E+00,2.35E+00
545.01,1.83E+00,2.35E+00
545.35,1.83E+00,2.34E+00
545.7,1.83E+00,2.34E+00
546.05,1.83E+00,2.34E+00
546.4,1.83E+00,2.33E+00
546.74,1.82E+00,2.33E+00
547.09,1.82E+00,2.33E+00
547.44,1.82E+00,2.32E+00
547.79,1.82E+00,2.32E+00
548.13,1.82E+00,2.31E+00
548.48,1.81E+00,2.31E+00
548.83,1.81E+00,2.30E+00
549.17,1.80E+00,2.29E+00
549.52,1.80E+00,2.29E+00
549.87,1.80E+00,2.29E+00
550.22,1.79E+00,2.28E+00
550.56,1.79E+00,2.28E+00
550.91,1.79E+00,2.28E+00
551.26,1.78E+00,2.27E+00
551.6,1.78E+00,2.27E+00
551.95,1.78E+00,2.26E+00
552.3,1.78E+00,2.26E+00
552.64,1.77E+00,2.25E+00
552.99,1.77E+00,2.25E+00
553.33,1.76E+00,2.24E+00
553.68,1.76E+00,2.23E+00
554.03,1.76E+00,2.23E+00
554.37,1.75E+00,2.22E+00
554.72,1.75E+00,2.21E+00
555.07,1.75E+00,2.21E+00
555.41,1.74E+00,2.20E+00
555.76,1.74E+00,2.19E+00
556.11,1.73E+00,2.18E+00
556.45,1.72E+00,2.18E+00
556.8,1.72E+00,2.17E+00
557.14,1.72E+00,2.17E+00
557.49,1.71E+00,2.16E+00
557.83,1.70E+00,2.15E+00
558.18,1.70E+00,2.14E+00
558.53,1.69E+00,2.13E+00
558.87,1.68E+00,2.12E+00
559.22,1.67E+00,2.12E+00
559.56,1.67E+00,2.11E+00
559.91,1.66E+00,2.10E+00
560.25,1.66E+00,2.09E+00
560.6,1.65E+00,2.08E+00
560.95,1.64E+00,2.07E+00
561.29,1.64E+00,2.06E+00
561.64,1.63E+00,2.05E+00
561.98,1.62E+00,2.04E+00
562.33,1.61E+00,2.03E+00
562.67,1.60E+00,2.02E+00
563.02,1.59E+00,2.01E+00
563.36,1.59E+00,2.00E+00
563.71,1.58E+00,1.99E+00
564.05,1.57E+00,1.98E+00
564.4,1.56E+00,1.97E+00
564.74,1.55E+00,1.96E+00
565.09,1.55E+00,1.95E+00
565.43,1.54E+00,1.94E+00
565.78,1.53E+00,1.93E+00
566.12,1.52E+00,1.92E+00
566.47,1.51E+00,1.91E+00
566.81,1.50E+00,1.90E+00
567.16,1.49E+00,1.89E+00
567.5,1.48E+00,1.88E+00
567.84,1.47E+00,1.86E+00
568.19,1.46E+00,1.85E+00
568.53,1.45E+00,1.84E+00
568.88,1.45E+00,1.83E+00
569.22,1.44E+00,1.82E+00
569.57,1.43E+00,1.81E+00
569.91,1.42E+00,1.80E+00
570.26,1.41E+00,1.79E+00
570.6,1.40E+00,1.78E+00
570.94,1.39E+00,1.76E+00
571.29,1.38E+00,1.75E+00
571.63,1.36E+00,1.73E+00
571.98,1.35E+00,1.72E+00
572.32,1.34E+00,1.70E+00
572.66,1.33E+00,1.69E+00
573.01,1.32E+00,1.67E+00
573.35,1.31E+00,1.66E+00
573.69,1.30E+00,1.65E+00
574.04,1.29E+00,1.63E+00
574.38,1.28E+00,1.62E+00
574.73,1.27E+00,1.60E+00
575.07,1.26E+00,1.59E+00
575.41,1.25E+00,1.57E+00
575.76,1.24E+00,1.56E+00
576.1,1.22E+00,1.54E+00
576.44,1.21E+00,1.53E+00
576.79,1.20E+00,1.52E+00
577.13,1.19E+00,1.50E+00
577.47,1.18E+00,1.48E+00
577.82,1.17E+00,1.47E+00
578.16,1.16E+00,1.46E+00
578.5,1.14E+00,1.44E+00
578.84,1.13E+00,1.43E+00
579.19,1.12E+00,1.41E+00
579.53,1.11E+00,1.40E+00
579.87,1.10E+00,1.38E+00
580.22,1.09E+00,1.37E+00
580.56,1.07E+00,1.35E+00
580.9,1.06E+00,1.34E+00
581.24,1.05E+00,1.32E+00
581.59,1.04E+00,1.31E+00
581.93,1.03E+00,1.29E+00
582.27,1.02E+00,1.28E+00
582.62,1.01E+00,1.26E+00
582.96,9.97E-01,1.25E+00
583.3,9.85E-01,1.24E+00
583.64,9.77E-01,1.23E+00
583.98,9.67E-01,1.21E+00
584.33,9.56E-01,1.20E+00
584.67,9.45E-01,1.19E+00
585.01,9.35E-01,1.17E+00
585.35,9.24E-01,1.16E+00
585.7,9.09E-01,1.14E+00
586.04,8.99E-01,1.13E+00
586.38,8.88E-01,1.12E+00
586.72,8.77E-01,1.10E+00
587.06,8.68E-01,1.09E+00
587.41,8.58E-01,1.08E+00
587.75,8.48E-01,1.07E+00
588.09,8.36E-01,1.05E+00
588.43,8.25E-01,1.04E+00
588.77,8.14E-01,1.03E+00
589.11,8.04E-01,1.02E+00
589.46,7.95E-01,1.00E+00
589.8,7.85E-01,9.90E-01
590.14,7.74E-01,9.78E-01
590.48,7.69E-01,9.66E-01
590.82,7.60E-01,9.56E-01
591.16,7.49E-01,9.42E-01
591.5,7.41E-01,9.31E-01
591.85,7.31E-01,9.19E-01
592.19,7.25E-01,9.09E-01
592.53,7.16E-01,8.98E-01
592.87,7.07E-01,8.86E-01
593.21,6.99E-01,8.78E-01
593.55,6.93E-01,8.69E-01
593.89,6.84E-01,8.60E-01
594.23,6.76E-01,8.49E-01
594.57,6.67E-01,8.38E-01
594.91,6.59E-01,8.28E-01
595.25,6.50E-01,8.19E-01
595.6,6.44E-01,8.09E-01
595.94,6.39E-01,8.00E-01
596.28,6.33E-01,7.94E-01
596.62,6.29E-01,7.88E-01
596.96,6.24E-01,7.81E-01
597.3,6.18E-01,7.75E-01
597.64,6.15E-01,7.69E-01
597.98,6.11E-01,7.64E-01
598.32,6.09E-01,7.63E-01
598.66,6.09E-01,7.61E-01
599,6.06E-01,7.57E-01
599.34,6.07E-01,7.55E-01
599.68,6.04E-01,7.54E-01
600.02,6.04E-01,7.53E-01
600.36,6.07E-01,7.56E-01
600.7,6.07E-01,7.57E-01
601.04,6.10E-01,7.59E-01
601.38,6.11E-01,7.61E-01
601.72,6.13E-01,7.65E-01
602.06,6.16E-01,7.72E-01
602.4,6.22E-01,7.80E-01
602.74,6.28E-01,7.89E-01
603.08,6.36E-01,7.98E-01
603.42,6.43E-01,8.08E-01
603.76,6.50E-01,8.19E-01
604.1,6.62E-01,8.33E-01
604.44,6.72E-01,8.44E-01
604.78,6.84E-01,8.59E-01
605.12,6.97E-01,8.75E-01
605.46,7.13E-01,8.94E-01
605.8,7.31E-01,9.13E-01
606.13,7.47E-01,9.31E-01
606.47,7.66E-01,9.53E-01
606.81,7.84E-01,9.78E-01
607.15,8.02E-01,1.00E+00
607.49,8.22E-01,1.03E+00
607.83,8.43E-01,1.06E+00
608.17,8.68E-01,1.08E+00
608.51,8.90E-01,1.11E+00
608.85,9.18E-01,1.15E+00
609.19,9.45E-01,1.18E+00
609.52,9.71E-01,1.21E+00
609.86,9.97E-01,1.25E+00
610.2,1.03E+00,1.28E+00
610.54,1.06E+00,1.32E+00
610.88,1.10E+00,1.37E+00
611.22,1.13E+00,1.41E+00
611.56,1.16E+00,1.45E+00
611.89,1.20E+00,1.50E+00
612.23,1.24E+00,1.54E+00
612.57,1.28E+00,1.59E+00
612.91,1.32E+00,1.64E+00
613.25,1.36E+00,1.69E+00
613.59,1.39E+00,1.73E+00
613.92,1.43E+00,1.78E+00
614.26,1.47E+00,1.83E+00
614.6,1.51E+00,1.88E+00
614.94,1.54E+00,1.92E+00
615.28,1.57E+00,1.96E+00
615.61,1.60E+00,2.00E+00
615.95,1.63E+00,2.03E+00
616.29,1.66E+00,2.06E+00
616.63,1.68E+00,2.09E+00
616.96,1.71E+00,2.12E+00
617.3,1.73E+00,2.15E+00
617.64,1.74E+00,2.17E+00
617.98,1.75E+00,2.18E+00
618.32,1.76E+00,2.19E+00
618.65,1.77E+00,2.20E+00
618.99,1.77E+00,2.20E+00
619.33,1.77E+00,2.20E+00
619.66,1.77E+00,2.19E+00
620,1.75E+00,2.18E+00
620.34,1.74E+00,2.17E+00
620.68,1.72E+00,2.15E+00
621.01,1.71E+00,2.13E+00
621.35,1.68E+00,2.10E+00
621.69,1.66E+00,2.07E+00
622.02,1.63E+00,2.03E+00
622.36,1.60E+00,1.99E+00
622.7,1.57E+00,1.96E+00
623.04,1.53E+00,1.91E+00
623.37,1.50E+00,1.86E+00
623.71,1.46E+00,1.82E+00
624.05,1.42E+00,1.77E+00
624.38,1.38E+00,1.72E+00
624.72,1.34E+00,1.67E+00
625.06,1.30E+00,1.62E+00
625.39,1.26E+00,1.57E+00
625.73,1.21E+00,1.51E+00
626.07,1.17E+00,1.46E+00
626.4,1.13E+00,1.40E+00
626.74,1.09E+00,1.35E+00
627.07,1.04E+00,1.30E+00
627.41,1.00E+00,1.24E+00
627.75,9.58E-01,1.19E+00
628.08,9.14E-01,1.13E+00
628.42,8.71E-01,1.08E+00
628.75,8.32E-01,1.03E+00
629.09,7.91E-01,9.80E-01
629.43,7.50E-01,9.32E-01
629.76,7.10E-01,8.85E-01
630.1,6.75E-01,8.38E-01
630.43,6.38E-01,7.94E-01
630.77,6.04E-01,7.49E-01
631.11,5.74E-01,7.06E-01
631.44,5.42E-01,6.68E-01
631.78,5.12E-01,6.30E-01
632.11,4.83E-01,5.94E-01
632.45,4.56E-01,5.60E-01
632.78,4.31E-01,5.28E-01
633.12,4.05E-01,4.98E-01
633.45,3.81E-01,4.68E-01
633.79,3.58E-01,4.39E-01
634.12,3.37E-01,4.15E-01
634.46,3.18E-01,3.91E-01
634.79,3.00E-01,3.68E-01
635.13,2.83E-01,3.45E-01
635.47,2.68E-01,3.27E-01
635.8,2.54E-01,3.10E-01
636.14,2.39E-01,2.94E-01
636.47,2.28E-01,2.78E-01
636.8,2.16E-01,2.63E-01
637.14,2.03E-01,2.48E-01
637.47,1.93E-01,2.35E-01
637.81,1.84E-01,2.22E-01
638.14,1.75E-01,2.09E-01
638.48,1.65E-01,1.99E-01
638.81,1.57E-01,1.88E-01
639.15,1.50E-01,1.79E-01
639.48,1.43E-01,1.71E-01
639.82,1.37E-01,1.63E-01
640.15,1.31E-01,1.54E-01
640.49,1.25E-01,1.48E-01
640.82,1.19E-01,1.42E-01
641.15,1.13E-01,1.37E-01
641.49,1.08E-01,1.31E-01
641.82,1.04E-01,1.26E-01
642.16,9.87E-02,1.20E-01
642.49,9.55E-02,1.14E-01
642.82,9.29E-02,1.09E-01
643.16,8.99E-02,1.03E-01
643.49,8.65E-02,9.88E-02
643.83,8.36E-02,9.46E-02
644.16,8.28E-02,9.18E-02
644.49,8.18E-02,8.89E-02
644.83,8.07E-02,8.69E-02
645.16,8.02E-02,8.41E-02
645.49,7.79E-02,8.20E-02
645.83,7.59E-02,8.11E-02
646.16,7.54E-02,8.07E-02
646.49,7.41E-02,7.62E-02
646.83,6.97E-02,7.26E-02
647.16,6.77E-02,6.94E-02
647.49,6.54E-02,6.72E-02
647.83,6.20E-02,6.37E-02
648.16,6.24E-02,6.26E-02
648.49,6.04E-02,6.02E-02
648.83,5.99E-02,6.08E-02
649.16,6.05E-02,6.18E-02
649.49,6.09E-02,6.12E-02
649.83,6.07E-02,6.18E-02
650.16,6.17E-02,6.14E-02
650.49,6.03E-02,5.94E-02
650.83,5.90E-02,5.97E-02
651.16,5.86E-02,5.83E-02
651.49,5.90E-02,5.76E-02
651.82,6.01E-02,5.62E-02
652.16,5.90E-02,5.49E-02
652.49,5.79E-02,5.26E-02
652.82,5.85E-02,5.38E-02
653.15,5.87E-02,5.46E-02
653.49,5.73E-02,5.19E-02
653.82,5.66E-02,5.26E-02
654.15,5.60E-02,5.26E-02
654.48,5.73E-02,5.31E-02
654.82,5.68E-02,5.31E-02
655.15,5.52E-02,5.17E-02
655.48,5.51E-02,5.23E-02
655.81,5.30E-02,5.14E-02
656.14,5.24E-02,5.02E-02
656.48,4.99E-02,4.81E-02
656.81,4.85E-02,4.55E-02
657.14,4.81E-02,4.52E-02
657.47,4.65E-02,4.50E-02
657.8,4.83E-02,4.76E-02
658.13,4.91E-02,4.81E-02
658.47,4.90E-02,4.84E-02
658.8,4.91E-02,5.02E-02
659.13,4.88E-02,5.14E-02
659.46,4.82E-02,5.05E-02
659.79,4.80E-02,5.00E-02
660.12,4.72E-02,5.04E-02
660.46,4.94E-02,5.09E-02
660.79,4.87E-02,4.95E-02
661.12,4.76E-02,4.78E-02
661.45,4.88E-02,4.95E-02
661.78,4.91E-02,5.03E-02
662.11,4.90E-02,5.02E-02
662.44,4.92E-02,5.02E-02
662.77,5.01E-02,5.21E-02
663.11,5.21E-02,5.19E-02
663.44,5.35E-02,5.31E-02
663.77,5.12E-02,5.10E-02
664.1,5.13E-02,5.17E-02
664.43,5.33E-02,5.27E-02
664.76,5.33E-02,5.14E-02
665.09,5.42E-02,5.09E-02
665.42,5.40E-02,5.10E-02
665.75,5.45E-02,5.18E-02
666.08,5.69E-02,5.42E-02
666.41,5.56E-02,5.43E-02
666.74,5.82E-02,5.50E-02
667.07,5.92E-02,5.65E-02
667.4,6.28E-02,5.99E-02
667.73,6.42E-02,5.96E-02
668.06,6.37E-02,6.07E-02
668.39,6.46E-02,6.19E-02
668.72,6.51E-02,6.32E-02
669.05,6.59E-02,6.40E-02
669.38,6.59E-02,6.41E-02
669.71,6.55E-02,6.51E-02
670.04,6.28E-02,6.33E-02
670.37,6.27E-02,6.52E-02
670.7,6.21E-02,6.53E-02
671.03,6.37E-02,6.46E-02
671.36,6.24E-02,6.44E-02
671.69,6.20E-02,6.40E-02
672.02,6.21E-02,6.59E-02
672.35,6.25E-02,6.59E-02
672.68,6.20E-02,6.48E-02
673.01,6.13E-02,6.59E-02
673.34,6.15E-02,6.63E-02
673.67,5.98E-02,6.59E-02
674,5.79E-02,6.72E-02
674.33,5.84E-02,6.82E-02
674.66,6.00E-02,7.06E-02
674.99,6.08E-02,7.07E-02
675.32,5.80E-02,7.08E-02
675.65,5.77E-02,7.19E-02
675.98,5.80E-02,7.50E-02
676.3,5.94E-02,7.53E-02
676.63,5.86E-02,7.52E-02
676.96,5.72E-02,7.40E-02
677.29,6.02E-02,7.38E-02
677.62,6.02E-02,7.50E-02
677.95,5.86E-02,7.50E-02
678.28,5.76E-02,7.55E-02
678.61,5.70E-02,7.75E-02
678.93,5.66E-02,7.69E-02
679.26,6.01E-02,7.79E-02
679.59,5.94E-02,7.43E-02
679.92,5.82E-02,7.34E-02
680.25,5.84E-02,7.03E-02
680.58,6.02E-02,7.02E-02
680.91,6.22E-02,7.18E-02
681.23,6.38E-02,7.10E-02
681.56,6.49E-02,7.03E-02
681.89,6.37E-02,7.04E-02
682.22,6.12E-02,6.95E-02
682.55,5.96E-02,6.98E-02
682.87,5.90E-02,6.96E-02
683.2,5.87E-02,6.97E-02
683.53,5.89E-02,6.94E-02
683.86,5.80E-02,6.73E-02
684.19,5.80E-02,6.64E-02
684.51,5.89E-02,6.52E-02
684.84,5.95E-02,6.38E-02
685.17,5.87E-02,6.37E-02
685.5,5.76E-02,6.22E-02
685.82,5.73E-02,6.25E-02
686.15,5.93E-02,6.35E-02
686.48,5.93E-02,6.41E-02
686.81,6.08E-02,6.24E-02
687.13,5.98E-02,6.20E-02
687.46,5.95E-02,6.20E-02
687.79,5.84E-02,6.29E-02
688.12,5.79E-02,6.37E-02
688.44,5.71E-02,6.20E-02
688.77,5.78E-02,6.21E-02
689.1,5.79E-02,6.10E-02
689.42,5.81E-02,5.88E-02
689.75,5.78E-02,5.78E-02
690.08,5.44E-02,5.65E-02
690.41,5.35E-02,5.61E-02
690.73,5.63E-02,5.86E-02
691.06,5.72E-02,6.18E-02
691.39,5.56E-02,5.98E-02
691.71,5.48E-02,5.85E-02
692.04,5.34E-02,5.90E-02
692.37,5.26E-02,5.92E-02
692.69,5.26E-02,6.00E-02
693.02,5.45E-02,6.06E-02
693.34,5.57E-02,6.15E-02
693.67,5.55E-02,6.05E-02
694,5.34E-02,5.75E-02
694.32,5.44E-02,5.78E-02
694.65,5.60E-02,5.93E-02
694.98,5.82E-02,6.10E-02
695.3,5.58E-02,5.92E-02
695.63,5.42E-02,5.94E-02
695.95,5.47E-02,6.04E-02
696.28,5.59E-02,6.00E-02
696.61,5.57E-02,5.89E-02
696.93,5.74E-02,6.07E-02
697.26,5.65E-02,6.08E-02
697.58,5.47E-02,5.90E-02
697.91,5.46E-02,5.96E-02
698.23,5.34E-02,5.96E-02
698.56,5.30E-02,5.87E-02
698.89,5.15E-02,5.72E-02
699.21,4.99E-02,5.80E-02
699.54,4.93E-02,5.72E-02
699.86,5.00E-02,5.77E-02
700.19,5.05E-02,5.91E-02
700.51,5.18E-02,5.91E-02
700.84,5.17E-02,5.82E-02
701.16,5.24E-02,5.78E-02
701.49,4.77E-02,5.29E-02
701.81,4.68E-02,5.15E-02
702.14,4.84E-02,5.32E-02
702.46,4.90E-02,5.29E-02
702.79,4.96E-02,5.36E-02
703.11,5.04E-02,5.35E-02
703.44,5.09E-02,5.10E-02
703.76,4.91E-02,5.02E-02
704.09,4.84E-02,4.96E-02
704.41,4.74E-02,4.97E-02
704.74,4.88E-02,5.07E-02
705.06,4.68E-02,4.99E-02
705.39,4.69E-02,5.08E-02
705.71,4.24E-02,4.86E-02
706.04,4.34E-02,4.97E-02
706.36,4.45E-02,4.89E-02
706.68,4.51E-02,4.94E-02
707.01,4.16E-02,4.85E-02
707.33,3.98E-02,4.90E-02
707.66,3.81E-02,4.67E-02
707.98,3.89E-02,4.65E-02
708.31,3.71E-02,4.71E-02
708.63,3.90E-02,4.74E-02
708.95,4.12E-02,4.64E-02
709.28,3.98E-02,4.52E-02
709.6,3.89E-02,4.47E-02
709.93,3.94E-02,4.29E-02
710.25,4.19E-02,4.22E-02
710.57,3.99E-02,4.06E-02
710.9,4.02E-02,4.09E-02
711.22,3.84E-02,4.08E-02
711.54,3.95E-02,4.07E-02
711.87,3.90E-02,4.17E-02
712.19,4.24E-02,4.44E-02
712.51,4.16E-02,4.46E-02
712.84,4.00E-02,4.38E-02
713.16,4.09E-02,4.48E-02
713.48,4.15E-02,4.32E-02
713.81,4.19E-02,4.31E-02
714.13,4.20E-02,4.39E-02
714.45,4.39E-02,4.42E-02
714.78,4.47E-02,4.36E-02
715.1,4.56E-02,4.31E-02
715.42,4.48E-02,4.33E-02
715.75,4.62E-02,4.40E-02
716.07,4.57E-02,4.28E-02
716.39,4.65E-02,4.19E-02
716.71,4.97E-02,4.13E-02
717.04,4.96E-02,4.19E-02
717.36,4.81E-02,3.86E-02
717.68,5.00E-02,3.87E-02
718,5.05E-02,3.80E-02
718.33,4.69E-02,3.64E-02
718.65,4.78E-02,3.44E-02
718.97,5.04E-02,3.59E-02
719.29,4.79E-02,3.24E-02
719.62,4.81E-02,3.43E-02
719.94,5.19E-02,3.58E-02
720.26,5.30E-02,3.46E-02
720.58,5.20E-02,3.50E-02
720.91,4.99E-02,3.65E-02
721.23,5.15E-02,3.63E-02
721.55,5.03E-02,3.73E-02
721.87,4.81E-02,3.59E-02
722.19,4.55E-02,3.45E-02
722.52,4.65E-02,3.42E-02
722.84,4.47E-02,3.24E-02
723.16,4.26E-02,3.22E-02
723.48,4.42E-02,3.30E-02
723.8,4.52E-02,3.24E-02
724.12,4.32E-02,3.29E-02
724.45,4.02E-02,3.18E-02
724.77,3.96E-02,3.29E-02
725.09,3.75E-02,3.15E-02
725.41,3.74E-02,3.04E-02
725.73,3.67E-02,2.79E-02
726.05,3.92E-02,2.91E-02
726.37,3.91E-02,3.05E-02
726.69,3.74E-02,2.75E-02
727.02,3.87E-02,2.77E-02
727.34,3.62E-02,2.80E-02
727.66,3.67E-02,2.82E-02
727.98,3.61E-02,2.92E-02
728.3,3.64E-02,2.93E-02
728.62,3.68E-02,2.90E-02
728.94,3.88E-02,2.98E-02
729.26,3.68E-02,3.01E-02
729.58,3.47E-02,2.69E-02
729.9,3.54E-02,2.97E-02
730.22,3.47E-02,3.01E-02
730.55,3.20E-02,2.82E-02
730.87,3.28E-02,2.81E-02
731.19,3.37E-02,2.82E-02
731.51,3.53E-02,2.76E-02
731.83,3.39E-02,2.70E-02
732.15,3.23E-02,2.46E-02
732.47,3.48E-02,2.57E-02
732.79,3.69E-02,2.70E-02
733.11,3.60E-02,2.93E-02
733.43,3.56E-02,3.03E-02
733.75,3.54E-02,2.95E-02
734.07,3.22E-02,2.64E-02
734.39,3.04E-02,2.68E-02
734.71,2.92E-02,2.53E-02
735.03,3.03E-02,2.48E-02
735.35,3.01E-02,2.30E-02
735.67,3.16E-02,2.33E-02
735.99,3.09E-02,2.26E-02
736.31,2.85E-02,2.24E-02
736.63,2.77E-02,2.26E-02
736.95,2.87E-02,2.19E-02
737.27,3.14E-02,2.50E-02
737.58,2.88E-02,2.42E-02
737.9,2.94E-02,2.26E-02
738.22,2.91E-02,2.22E-02
738.54,2.90E-02,2.16E-02
738.86,3.05E-02,2.47E-02
739.18,3.15E-02,2.69E-02
739.5,3.10E-02,2.50E-02
739.82,2.97E-02,2.47E-02
740.14,2.87E-02,2.78E-02
740.46,2.79E-02,2.60E-02
740.78,2.57E-02,2.36E-02
741.1,2.58E-02,2.43E-02
741.41,2.30E-02,2.58E-02
741.73,2.12E-02,2.57E-02
742.05,1.96E-02,2.29E-02
742.37,1.78E-02,2.25E-02
742.69,2.17E-02,2.39E-02
743.01,2.50E-02,2.33E-02
743.33,2.13E-02,2.21E-02
743.64,1.93E-02,1.84E-02
743.96,2.01E-02,1.73E-02
744.28,2.12E-02,1.81E-02
744.6,2.26E-02,2.18E-02
744.92,2.29E-02,1.96E-02
745.24,2.57E-02,2.06E-02
745.55,2.48E-02,1.90E-02
745.87,2.74E-02,2.01E-02
746.19,2.69E-02,1.84E-02
746.51,2.72E-02,1.80E-02
746.83,2.83E-02,1.72E-02
747.14,2.24E-02,1.50E-02
747.46,1.98E-02,9.56E-03
747.78,1.64E-02,7.67E-03
748.1,1.65E-02,6.69E-03
748.42,1.49E-02,6.77E-03
748.73,1.41E-02,6.02E-03
749.05,1.60E-02,5.09E-03
749.37,1.74E-02,2.08E-03
749.69,1.67E-02,2.16E-04
750,1.97E-02,3.71E-03
750.32,1.92E-02,2.49E-03
750.64,1.90E-02,-1.37E-03
750.96,1.71E-02,-3.88E-03
751.27,1.64E-02,-5.83E-03
751.59,1.84E-02,-7.67E-03
751.91,1.75E-02,-1.02E-02
752.22,1.97E-02,-1.13E-02
752.54,1.80E-02,-9.54E-03
752.86,1.95E-02,-9.75E-03
753.17,1.83E-02,-9.13E-03
753.49,1.54E-02,-9.55E-03
753.81,1.88E-02,-9.84E-03
754.12,2.02E-02,-8.61E-03
754.44,2.01E-02,-7.81E-03
754.76,2.03E-02,-8.84E-03
755.07,1.99E-02,-1.03E-02
755.39,2.24E-02,-8.29E-03
755.71,2.56E-02,-6.21E-03
756.02,2.61E-02,-3.86E-03
756.34,2.34E-02,-5.02E-03
756.66,2.28E-02,-3.09E-03
756.97,2.27E-02,-2.44E-03
757.29,2.52E-02,1.60E-04
757.61,2.87E-02,2.68E-03
757.92,2.77E-02,6.83E-03
758.24,2.71E-02,5.99E-03
758.55,2.69E-02,7.75E-03
758.87,2.98E-02,1.06E-02
759.19,3.02E-02,9.00E-03
759.5,2.80E-02,8.73E-03
759.82,2.33E-02,7.71E-03
760.13,2.52E-02,1.02E-02
760.45,2.51E-02,1.19E-02
760.76,2.53E-02,1.06E-02
761.08,2.90E-02,1.48E-02
761.4,3.02E-02,1.96E-02
761.71,3.02E-02,2.18E-02
762.03,2.97E-02,2.26E-02
762.34,3.12E-02,2.29E-02
762.66,3.09E-02,2.41E-02
762.97,3.34E-02,2.44E-02
763.29,3.24E-02,2.50E-02
763.6,3.04E-02,2.44E-02
763.92,2.74E-02,2.41E-02
764.23,2.48E-02,2.34E-02
764.55,2.52E-02,2.15E-02
764.86,2.38E-02,1.91E-02
765.18,2.33E-02,2.06E-02
765.49,2.48E-02,1.89E-02
765.81,1.96E-02,1.94E-02
766.12,1.54E-02,1.67E-02
766.44,1.57E-02,1.70E-02
766.75,1.34E-02,1.72E-02
767.07,1.20E-02,1.66E-02
767.38,1.00E-02,1.73E-02
767.7,6.23E-03,1.92E-02
768.01,6.04E-03,1.67E-02
768.32,1.11E-02,1.77E-02
768.64,1.60E-02,2.32E-02
768.95,1.84E-02,2.20E-02
769.27,1.16E-02,1.45E-02
769.58,1.45E-02,1.82E-02
769.9,1.74E-02,1.98E-02
770.21,2.02E-02,2.07E-02
770.52,2.09E-02,2.05E-02
770.84,1.87E-02,1.74E-02
771.15,1.95E-02,2.35E-02
771.47,1.68E-02,2.12E-02
771.78,1.76E-02,1.85E-02
772.09,1.91E-02,1.67E-02
772.41,1.94E-02,1.92E-02
772.72,1.99E-02,2.41E-02
773.03,1.74E-02,2.44E-02
773.35,1.63E-02,2.45E-02
773.66,1.78E-02,2.20E-02
773.97,1.99E-02,2.09E-02
774.29,2.45E-02,2.15E-02
774.6,2.60E-02,2.28E-02
774.91,2.40E-02,2.48E-02
775.23,2.55E-02,2.86E-02
775.54,2.42E-02,2.54E-02
775.85,1.99E-02,2.47E-02
776.17,2.01E-02,1.88E-02
776.48,1.87E-02,1.94E-02
776.79,2.02E-02,1.70E-02
777.11,2.38E-02,1.78E-02
777.42,2.62E-02,1.86E-02
777.73,2.81E-02,2.03E-02
778.04,2.98E-02,1.95E-02
778.36,2.76E-02,1.65E-02
778.67,2.24E-02,1.45E-02
778.98,2.00E-02,1.18E-02
779.3,1.74E-02,1.14E-02
779.61,2.08E-02,1.71E-02
779.92,2.08E-02,1.60E-02
780.23,1.53E-02,1.20E-02
780.54,1.32E-02,1.17E-02
780.86,7.97E-03,7.68E-03
781.17,6.47E-03,5.99E-03
781.48,9.46E-03,1.21E-04
781.79,7.69E-03,6.06E-04
782.11,7.68E-03,9.14E-04
782.42,8.94E-03,4.04E-03
782.73,5.24E-03,9.24E-04
783.04,5.64E-03,4.96E-04
783.35,5.30E-03,-3.30E-03
783.67,4.46E-03,-4.02E-03
783.98,4.42E-04,-3.22E-03
784.29,-6.34E-05,-1.14E-03
784.6,-2.23E-03,2.42E-03
784.91,-5.25E-03,5.19E-03
785.22,-9.66E-04,4.90E-03
785.54,-7.45E-03,1.62E-03
785.85,-8.46E-03,3.45E-03
786.16,-3.27E-03,7.92E-03
786.47,-1.05E-03,1.11E-02
786.78,2.64E-04,1.07E-02
787.09,6.64E-04,1.09E-02
787.4,2.67E-04,7.41E-03
787.71,3.36E-04,1.02E-02
788.03,7.09E-03,1.24E-02
788.34,1.47E-02,1.73E-02
788.65,1.88E-02,2.33E-02
788.96,2.04E-02,2.06E-02
789.27,2.29E-02,1.83E-02
789.58,2.35E-02,1.78E-02
789.89,2.67E-02,1.89E-02
790.2,2.06E-02,1.58E-02
790.51,2.42E-02,1.89E-02
790.82,3.05E-02,1.98E-02
791.13,3.17E-02,1.74E-02
791.44,2.83E-02,1.87E-02
791.75,2.61E-02,2.38E-02
792.06,2.78E-02,2.22E-02
792.37,2.67E-02,2.33E-02
792.68,2.43E-02,1.82E-02
793,2.46E-02,1.97E-02
793.31,2.44E-02,1.63E-02
793.62,2.82E-02,1.76E-02
793.93,2.87E-02,1.48E-02
794.24,3.62E-02,1.67E-02
794.55,3.23E-02,1.48E-02
794.86,3.23E-02,8.91E-03
795.17,3.48E-02,7.59E-03
795.47,2.85E-02,4.42E-03
795.78,3.34E-02,6.36E-03
796.09,3.42E-02,8.08E-03
796.4,2.98E-02,3.86E-03
796.71,2.80E-02,7.22E-03
797.02,2.96E-02,9.28E-03
797.33,2.54E-02,8.62E-03
797.64,2.60E-02,1.12E-02
797.95,2.76E-02,9.49E-03
798.26,1.90E-02,1.59E-04
798.57,1.42E-02,-5.75E-03
798.88,1.43E-02,-6.98E-03
799.19,1.68E-02,-4.43E-03
799.5,1.17E-02,-2.75E-03
799.81,8.63E-03,-3.82E-03
800.12,7.52E-03,-5.89E-03
800.42,1.44E-02,-1.31E-03
800.73,1.48E-02,-9.91E-04
801.04,9.70E-03,-2.65E-03
801.35,5.25E-03,-1.75E-03
801.66,1.25E-02,2.68E-03
801.97,1.77E-02,4.37E-03
802.28,1.99E-02,2.11E-03
802.59,1.32E-02,-6.53E-03
802.89,1.38E-02,-4.69E-03
803.2,1.36E-02,-5.48E-03
803.51,1.26E-02,-3.35E-03
803.82,9.24E-03,-2.24E-03
804.13,6.07E-03,-4.77E-03
804.44,3.40E-03,-1.13E-03
804.74,1.07E-02,1.58E-03
805.05,1.26E-02,7.83E-03
805.36,6.45E-03,5.12E-03
805.67,1.28E-02,1.15E-02
805.98,1.36E-02,9.28E-03
806.28,1.93E-02,6.63E-03
806.59,2.51E-02,8.64E-03
806.9,1.97E-02,2.35E-03
807.21,5.41E-02,-8.18E-04
807.52,6.03E-02,4.20E-03
807.82,5.91E-02,2.48E-03
808.13,5.60E-02,-5.27E-16
808.44,5.23E-02,-1.02E-03
808.75,5.17E-02,-2.51E-03
809.05,5.57E-02,-3.08E-03
809.36,5.39E-02,-6.76E-03
809.67,4.91E-02,-1.29E-02
809.97,6.74E-02,1.04E-03
810.28,7.00E-02,5.24E-03
810.59,6.60E-02,6.53E-03
810.9,6.73E-02,9.67E-03
811.2,7.34E-02,1.28E-02
811.51,7.26E-02,8.21E-03
811.82,7.00E-02,3.53E-03
812.12,6.25E-02,6.91E-04
812.43,5.47E-02,1.98E-03
812.74,7.19E-02,1.55E-02
813.04,7.15E-02,1.31E-02
813.35,7.51E-02,1.77E-02
813.66,7.55E-02,1.50E-02
813.96,8.11E-02,1.97E-02
814.27,8.71E-02,3.34E-02
814.58,8.39E-02,2.59E-02
814.88,7.92E-02,1.50E-02
815.19,7.68E-02,7.51E-03
815.5,9.03E-02,1.02E-02
815.8,9.37E-02,1.18E-02
816.11,1.00E-01,1.53E-02
816.41,9.35E-02,1.31E-02
816.72,9.05E-02,1.38E-02
817.03,1.05E-01,2.02E-02
817.33,5.97E-02,1.72E-02
817.64,5.45E-02,1.55E-02
817.94,5.47E-02,1.75E-02
818.25,6.39E-02,2.10E-02
818.56,7.67E-02,3.51E-02
818.86,7.96E-02,3.96E-02
819.17,7.33E-02,3.57E-02
819.47,6.84E-02,3.73E-02
819.78,6.95E-02,3.68E-02
820.08,5.64E-02,2.39E-02
820.39,5.45E-02,1.76E-02
820.7,5.64E-02,7.94E-03
821,5.68E-02,2.70E-03
821.31,4.93E-02,3.38E-04
821.61,5.77E-02,6.69E-03
821.92,5.96E-02,1.34E-02
822.22,6.32E-02,1.02E-02
822.53,6.20E-02,1.04E-02
822.83,4.76E-02,7.41E-03
823.14,5.50E-02,1.50E-02
823.44,5.26E-02,1.20E-02
823.75,4.77E-02,1.42E-02
824.05,4.29E-02,9.66E-03
824.36,4.21E-02,5.20E-03
824.66,4.71E-02,7.61E-03
824.96,5.06E-02,1.43E-02
825.27,5.67E-02,2.12E-02
825.57,5.35E-02,2.72E-02
825.88,4.42E-02,2.37E-02
826.18,4.62E-02,2.94E-02
826.49,5.15E-02,2.89E-02
826.79,4.50E-02,2.68E-02
827.1,3.99E-02,2.66E-02
827.4,4.67E-02,3.56E-02
827.7,5.17E-02,3.26E-02
828.01,4.34E-02,2.92E-02
828.31,3.39E-02,2.46E-02
828.62,3.59E-02,1.38E-02
828.92,3.69E-02,8.01E-03
829.22,3.88E-02,1.77E-02
829.53,4.96E-02,2.04E-02
829.83,5.67E-02,2.56E-02
830.14,5.97E-02,2.92E-02
830.44,5.86E-02,3.38E-02
830.74,5.70E-02,3.09E-02
831.05,6.61E-02,4.33E-02
831.35,6.49E-02,4.36E-02
831.65,6.46E-02,3.97E-02
831.96,6.91E-02,3.30E-02
832.26,7.39E-02,3.42E-02
832.56,8.04E-02,3.48E-02
832.87,8.66E-02,3.21E-02
833.17,9.45E-02,3.76E-02
833.47,1.08E-01,3.31E-02
833.78,1.21E-01,3.53E-02
834.08,1.26E-01,3.37E-02
834.38,1.24E-01,3.02E-02
834.68,1.19E-01,3.13E-02
834.99,1.20E-01,3.23E-02
835.29,1.11E-01,2.44E-02
835.59,1.04E-01,1.04E-02
835.89,1.07E-01,5.67E-03
836.2,1.06E-01,5.56E-03
836.5,1.01E-01,1.72E-03
836.8,1.02E-01,-4.75E-03
837.11,1.07E-01,-6.22E-03
837.41,1.03E-01,-1.16E-02
837.71,1.06E-01,2.48E-03
838.01,1.14E-01,-4.84E-03
838.31,1.19E-01,2.21E-03
838.62,1.09E-01,1.42E-02
838.92,1.04E-01,2.25E-02
839.22,9.81E-02,8.38E-03
839.52,9.44E-02,4.66E-03
839.82,9.01E-02,3.93E-03
840.13,8.94E-02,2.74E-03
840.43,8.52E-02,-4.59E-04
840.73,9.22E-02,1.69E-02
841.03,8.47E-02,1.22E-02
841.33,9.83E-02,2.97E-02
841.64,9.66E-02,3.54E-02
841.94,9.59E-02,4.02E-02
842.24,7.98E-02,3.12E-02
842.54,9.24E-02,3.25E-02
842.84,7.85E-02,2.37E-02
843.14,6.34E-02,7.68E-03
843.44,4.16E-02,7.88E-03
843.74,2.94E-02,6.30E-03
844.05,2.47E-02,1.06E-02
844.35,3.20E-02,1.52E-02
844.65,3.32E-02,5.58E-03
844.95,3.43E-02,5.61E-03
845.25,4.56E-02,1.69E-02
845.55,5.48E-02,3.27E-02
845.85,5.72E-02,4.49E-02
846.15,4.60E-02,3.17E-02
846.45,5.67E-02,3.81E-02
846.75,5.07E-02,4.22E-02
847.05,2.28E-02,3.97E-02
847.36,1.93E-02,3.10E-02
847.66,7.78E-03,2.00E-02
847.96,1.02E-02,3.58E-02
848.26,2.10E-03,1.31E-02
848.56,1.21E-02,1.65E-02
848.86,7.59E-03,8.12E-03
849.16,2.83E-03,1.08E-02
849.46,-2.14E-03,1.01E-02
849.76,-5.19E-03,8.77E-03
850.06,-3.06E-03,-1.08E-03
850.36,-9.03E-04,1.81E-03
850.66,-1.07E-02,-4.90E-03
850.96,-1.81E-02,-7.66E-03
851.26,-3.27E-02,-2.18E-02
851.56,-3.57E-02,-2.34E-02
851.86,-3.69E-02,-2.91E-02
852.16,-2.29E-02,-2.11E-02
852.46,-3.47E-02,-1.93E-02
852.76,-2.28E-02,-8.11E-03
853.06,-2.28E-02,1.25E-02
853.36,-7.44E-03,2.25E-02
853.65,-5.37E-03,2.24E-02
853.95,-1.14E-02,1.23E-02
854.25,-2.91E-03,2.29E-02
854.55,1.56E-03,4.40E-02
854.85,-9.40E-03,5.74E-02
855.15,-1.50E-02,5.32E-02
855.45,-2.48E-02,3.72E-02
855.75,-3.03E-02,3.41E-02
856.05,-1.60E-02,4.63E-02
856.35,-2.32E-02,4.89E-02
856.65,-1.36E-02,5.17E-02
856.94,7.54E-03,7.06E-02
857.24,9.44E-03,8.14E-02
857.54,6.20E-03,7.56E-02
857.84,1.45E-02,7.96E-02
858.14,2.30E-02,1.02E-01
858.44,1.52E-02,8.65E-02
858.74,1.06E-02,7.63E-02
859.03,2.88E-02,8.68E-02
859.33,3.54E-02,9.53E-02
859.63,5.27E-02,1.08E-01
859.93,4.91E-02,1.22E-01
860.23,3.22E-02,1.22E-01
860.53,3.28E-02,1.37E-01
860.82,2.99E-02,1.15E-01
861.12,2.43E-02,9.73E-02
861.42,2.94E-02,9.87E-02
861.72,2.46E-02,1.08E-01
862.02,1.77E-02,9.77E-02
862.31,1.57E-02,8.39E-02
862.61,2.32E-02,8.78E-02
862.91,2.21E-02,6.83E-02
863.21,1.97E-02,5.89E-02
863.5,8.16E-03,4.80E-02
863.8,1.38E-02,6.47E-02
864.1,7.06E-04,5.06E-02
864.4,-8.29E-03,4.10E-02
864.69,2.38E-04,1.81E-02
864.99,-7.19E-04,9.10E-03
865.29,4.82E-03,1.64E-02
865.59,1.70E-03,2.42E-03
865.88,-1.12E-02,-6.34E-03
866.18,2.45E-04,-4.66E-03
866.48,4.69E-03,4.94E-04
866.77,2.16E-02,-6.21E-03
867.07,2.65E-02,-2.00E-03
867.37,4.10E-02,1.18E-02
867.66,3.62E-02,1.62E-02
867.96,3.90E-02,1.73E-02
868.26,3.30E-02,1.43E-02
868.56,4.85E-02,3.30E-02
868.85,3.95E-02,2.00E-02
869.15,3.32E-02,2.20E-02
869.44,3.63E-02,1.89E-02
869.74,2.88E-02,3.02E-02
870.04,4.93E-02,2.90E-02
870.33,4.64E-02,6.97E-03
870.63,5.32E-02,3.27E-02
870.93,6.04E-02,4.13E-02
871.22,4.57E-02,2.52E-02
871.52,5.35E-02,2.15E-02
871.81,6.63E-02,2.80E-02
872.11,7.26E-02,6.20E-02
872.41,7.37E-02,6.44E-02
872.7,8.67E-02,6.43E-02
873,8.17E-02,5.57E-02
873.29,9.54E-02,7.24E-02
873.59,9.93E-02,7.82E-02
873.89,9.68E-02,7.87E-02
874.18,1.07E-01,8.35E-02
874.48,1.06E-01,9.44E-02
874.77,9.65E-02,8.46E-02
875.07,1.11E-01,8.38E-02
875.36,1.23E-01,8.39E-02
875.66,1.26E-01,9.27E-02
875.95,1.07E-01,7.90E-02
876.25,1.27E-01,8.10E-02
876.54,1.22E-01,6.20E-02
876.84,1.36E-01,5.30E-02
877.13,1.35E-01,3.44E-02
877.43,4.61E-01,-2.62E-01
877.72,-9.51E-02,-3.80E-01
878.02,-2.02E-01,2.13E-01
878.31,8.58E-02,5.04E-01
878.61,2.27E-01,3.35E-01
878.9,2.07E-01,2.18E-01
879.2,1.10E-01,4.38E-02
879.49,-2.76E-01,-6.63E-01
879.79,6.01E-01,-1.11E-02
880.08,1.35E-01,-2.47E-01
880.38,1.02E-01,2.59E-01
880.67,-3.72E-01,-5.74E-01
880.96,6.77E-01,1.49E-01
881.26,4.84E-01,-1.04E-01
881.55,4.84E-01,-1.04E-01
881.85,4.84E-01,-1.04E-01